rha_replacement_pct,water_binder_ratio,mean_particle_size,fineness_passing_45um_pct,cement_kg_m3,fine_aggregate,coarse_aggregate,silica_content,calcium_dioxide,split_tensile_strength
10,0.56,0,,375,625,1202,,,
0,0.53,3.8,,383,575,1150,0,0,4.518134759
5,0.53,3.8,99,364,575,1150,4.366,0.024,4.65
5,0.53,3.8,,364,575,1150,4.366,0.024,4.725388636
10,0.53,3.8,99,345,575,1150,8.732,0.048,4.76
10,0.53,3.8,,345,575,1150,8.732,0.048,4.808290108
15,0.53,3.8,99,326,575,1150,13.098,0.072,4.97
15,0.53,3.8,,326,575,1150,13.098,0.072,5.015543985
20,0.53,3.8,99,306,575,1150,17.464,0.096,5
20,0.53,3.8,,306,575,1150,17.464,0.096,5.098445259
25,0.53,3.8,99,287,575,1150,21.83,0.12,4.69
25,0.53,3.8,,287,575,1150,21.83,0.12,4.756476638
30,0.53,3.8,99,268,575,1150,26.196,0.144,4.44
30,0.53,3.8,,268,575,1150,26.196,0.144,4.476683628
35,0.53,3.8,99,249,575,1150,30.562,0.168,
35,0.53,3.8,,249,575,1150,30.562,0.168,
0,0.55,4.85,99,347,548,1260,0,0,
0,0.53,4.85,99,383,575,1150,0,0,4.49
5,0.55,4.85,99,330,548,1260,4.366,0.024,
5,0.53,4.85,99,364,575,1150,4.366,0.024,4.7
10,0.55,4.85,99,312,548,1260,8.732,0.048,
10,0.53,4.85,99,345,575,1150,8.732,0.048,4.76
15,0.55,4.85,99,295,548,1260,13.098,0.072,
15,0.53,4.85,99,326,575,1150,13.098,0.072,5
20,0.55,4.85,99,278,548,1260,17.464,0.096,
20,0.53,4.85,99,306,575,1150,17.464,0.096,5.05
25,0.55,4.85,99,260,548,1260,21.83,0.12,
25,0.53,4.85,99,287,575,1150,21.83,0.12,4.7
30,0.55,4.85,99,243,548,1260,26.196,0.144,
30,0.53,4.85,99,268,575,1150,26.196,0.144,4.45
35,0.53,4.85,99,249,575,1150,30.562,0.168,
5,0.4,5,97,428,492,1148,4.393,0.065,
10,0.62,5,,337.5,625,1202,,,
10,0.62,5,,337.5,625,1202,,,
10,0.62,5,,337.5,625,1202,,,
10,0.62,5,,337.5,625,1202,,,
10,0.4,5,97,405,492,1148,8.786,0.13,
15,0.4,5,97,383,492,1148,13.179,0.195,
20,0.4,5,97,360,492,1148,17.572,0.26,
0,0.54,5.21,100,350,680,1040,0,,
10,0.54,5.21,100,315,680,1040,8.673,,
15,0.54,5.21,100,297.5,680,1040,13.0095,,
20,0.54,5.21,100,280,680,1040,17.346,,
0,0.3,5.69,100,560,725,1000,0,0,58.93
5,0.3,5.69,100,532,725,1000,4.145,0.1145,63.39
10,0.3,5.69,100,504,725,1000,8.29,0.229,68.09
15,0.3,5.69,100,476,725,1000,12.435,0.3435,65.09
20,0.3,5.69,100,448,725,1000,16.58,0.458,58.53
25,0.3,5.69,100,420,725,1000,20.725,0.5725,56.07
30,0.3,5.69,100,392,725,1000,24.87,0.687,52.18
0,0.45,6,93,420,621,1108,0,0,
0,0.3,6,100,492.7,842.2,846.3,0,,
0,0.35,6,100,422.3,871.8,876.1,0,,
0,0.4,6,100,369.5,894,898.4,0,,
0,0.5,6,100,296.8,923.7,928.3,0,,
0,0.5,6,100,334.8,935.5,940.1,0,,
5,0.45,6,93,399,852,1108,4.31,0.0265,
5,0.35,6,100,401.2,867.1,871.4,4.68,,
10,0.45,6,93,378,542,1108,8.62,0.053,
10,0.35,6,100,380.1,862.4,866.7,9.36,,
15,0.45,6,93,357,503,1108,12.93,0.0795,
15,0.3,6,100,418.8,825.8,829.9,14.04,,
15,0.35,6,100,359,857.8,862,14.04,,
15,0.4,6,100,314.1,881.7,886,14.04,,
20,0.3,6,100,394.2,820.3,824.4,18.72,,
20,0.35,6,100,337.8,853.1,857.3,18.72,,
20,0.4,6,100,295.6,877.6,881.9,18.72,,
25,0.35,6,100,316.7,848.4,852.6,23.4,,
30,0.35,6,100,295.6,843.7,847.9,28.08,,
0,0.5,6.57,,380,755,685,0,0,2.77
5,0.5,6.57,,361,755,685,4.125,0.031,2.77
10,0.5,6.57,,342,755,685,8.25,0.062,2.9
15,0.5,6.57,,323,755,685,12.375,0.093,3
20,0.5,6.57,,304,755,685,16.5,0.124,2.99
25,0.5,6.57,,285,755,685,20.625,0.155,2.81
30,0.5,6.57,,266,755,685,24.75,0.186,2.69
7.5,0.4,6.8,98.4,352,745,1140,6.6825,0.045,
10,0.4,6.8,98.4,342,740,1140,8.91,0.06,
12.5,0.4,6.8,98.4,333,735,1140,11.1375,0.075,
0,0.4,7,99,392,686,1121,0,0,
0,0.4,7,99,385,674,1102,0,0,2.7
0,0.4,7,99,386,676,1105,0,0,
0,0.43,7,96,420,621,1108,0,0,
0,0.35,7,96,474,636,1113,0,0,
0,0.43,7,96,420,621,1108,0,0,
0,0.35,7,96,474,636,1113,0,0,
5,0.4,7,99,369,677,1105,4.36,0.0275,
5,0.43,7,96,399,582,1108,4.36,0.0275,
5,0.35,7,96,447,585.1,1113,4.36,0.0275,
5,0.43,7,96,399,582,1108,4.36,0.0275,
5,0.35,7,96,447,585.1,1113,4.36,0.0275,
8,0.4,7,99,360,682,1111,6.976,0.044,
10,0.4,7,99,350,676,1101,8.72,0.055,
10,0.31,7,99,398,666,1087,8.72,0.055,
10,0.4,7,99,350,676,1101,8.72,0.055,
10,0.5,7,99,304,675,1102,8.72,0.055,
10,0.4,7,99,345,667,1086,8.72,0.055,3.5
10,0.4,7,99,350,677,1102,8.72,0.055,
10,0.43,7,96,378,542,1108,8.72,0.055,
10,0.35,7,96,420,535.61,1113,8.72,0.055,
10,0.43,7,96,378,542,1108,8.72,0.055,
10,0.35,7,96,420,535.61,1113,8.72,0.055,
15,0.4,7,99,335,681,1108,13.08,0.0825,
15,0.43,7,96,357,503,1108,13.08,0.0825,
15,0.35,7,96,391,483.21,1113,13.08,0.0825,
15,0.43,7,96,357,503,1108,13.08,0.0825,
15,0.35,7,96,391,483.21,1113,13.08,0.0825,
20,0.43,7,96,336,464,1108,17.44,0.11,
20,0.35,7,96,366,433.72,1113,17.44,0.11,
20,0.43,7,96,336,464,1108,17.44,0.11,
20,0.35,7,96,366,433.72,1113,17.44,0.11,
7.5,0.4,7.15,98.2,352,745,1140,7.095,0.03,
10,0.4,7.15,98.2,342,740,1140,9.46,0.04,
12.5,0.4,7.15,98.2,333,735,1140,11.825,0.05,
7.5,0.4,7.41,97.9,352,745,1140,6.87,0.045,
10,0.4,7.41,97.9,342,740,1140,9.16,0.06,
12.5,0.4,7.41,97.9,333,735,1140,11.45,0.075,
0,0.63,7.5,78.13,325,900,940,0,0,2.4
0,0.63,7.5,78.13,325,900,940,0,0,2.3
20,0.68,7.5,78.13,260,894,930,19.34,0.098,2
20,0.63,7.5,78.13,260,900,940,19.34,0.098,
30,0.7,7.5,78.13,228,890,927,29.01,0.147,
30,0.63,7.5,78.13,228,900,940,29.01,0.147,1.7
7.5,0.4,7.63,97.7,352,745,1140,7.0275,0.045,
10,0.4,7.63,97.7,342,740,1140,9.37,0.06,
12.5,0.4,7.63,97.7,333,735,1140,11.7125,0.075,
0,0.32,8,100,534,690,1050,0,0,3.63
0,0.4,8,100,462,723,1018,0,0,
0,0.5,8,100,408,758,983,0,0,2.85
10,0.32,8,100,481,690,1050,8.72,0.055,3.57
10,0.4,8,100,416,723,1018,8.72,0.055,
10,0.5,8,100,367,758,983,8.72,0.055,2.32
10,0.32,8,100,481,690,1050,8.8,0.08,3.62
10,0.4,8,100,416,723,1018,8.8,0.08,
10,0.5,8,100,367,758,983,8.8,0.08,2.92
20,0.32,8,100,427,690,1050,17.44,0.11,3.34
20,0.4,8,100,370,723,1018,17.44,0.11,
20,0.5,8,100,327,758,983,17.44,0.11,2.63
20,0.32,8,100,427,690,1050,17.6,0.16,3.54
20,0.4,8,100,370,723,1018,17.6,0.16,
20,0.5,8,,327,758,983,17.6,0.16,3
0,0.6,9,97,350,844,854,0,,3.14
0,0.35,9,97,488,632,1076,0,0,
10,0.6,9,97,315,870,881,9.325,,2.78
20,0.6,9,97,280,865,875,18.65,,3.43
0,0.49,9.52,100,420,950,805,0,,
10,0.49,9.52,100,378,950,805,9,,
20,0.49,9.52,100,336,950,805,18,,
30,0.49,9.52,100,294,950,805,27,,
40,0.49,9.52,100,252,950,805,36,,
20,0.3,11,70,427,1030,660,18.4,0.162,
20,0.3,11,70,427,1037,660,18.4,0.21,
0,0.35,12,,571,633,933,0,,
0,0.3,12,70,533,1075,660,0,0,
0,0.53,12,100,396,844,951,0,0,
0,0.35,12,,571,633,933,0,,
0,0.3,12,,533,1075,660,,,
5,0.53,12,100,376,844,951,4.545,0.04,
10,0.23,12,,783,344,933,9.1,,
10,0.35,12,,514,608,933,9.1,,
10,0.47,12,,383,737,933,9.1,,
10,0.53,12,100,356,844,951,9.09,0.08,
10,0.23,12,,783,344,933,9.1,,
10,0.35,12,,514,608,933,9.1,,
10,0.47,12,,383,737,933,9.1,,
10,0.3,12,,480,1047,660,,,
15,0.53,12,100,337,844,951,13.635,0.12,
20,0.35,12,,457,582,933,18.2,,
20,0.3,12,70,427,1029,660,18.2,0.196,
20,0.53,12,100,317,844,951,18.18,0.16,
20,0.35,12,,487,582,933,18.2,,
20,0.3,12,,427,1019,660,,,
25,0.53,12,100,297,844,951,22.725,0.2,
30,0.35,12,,400,557,933,27.3,,
30,0.53,12,100,277,844,951,27.27,0.24,
30,0.35,12,,400,557,933,27.3,,
0,0.42,12.34,96.6,490,651.7,1112.3,0,0,
5,0.42,12.34,96.6,465.5,651.7,1112.3,4.6495,0.0515,
10,0.42,12.34,96.6,441,651.7,1112.3,9.299,0.103,
0,0.25,13,100,550,702,1050,0,0,
15,0.25,13,100,495,690,1050,12.864,0.111,
15,0.25,13,100,468,685,1050,12.864,0.111,
20,0.25,13,100,440,681,1050,17.152,0.148,
0,0.3,15,99,447.8,708,1153,0,0,
10,0.3,15,99,403.2,699,1137,8.72,0.055,
0,0.35,15.21,96.5,600,477,1113,0,0,5.2
5,0.35,15.21,96.5,570,477,1113,4.4715,0.055,5.31
10,0.35,15.21,96.5,540,477,1113,8.943,0.11,5.43
15,0.35,15.21,96.5,510,477,1113,13.4145,0.165,5.12
20,0.35,15.21,96.5,480,477,1113,17.886,0.22,4.95
0,0.5,15.804,95.77,460,785,800,0,0,3.33
5,0.5,15.804,95.77,437,785,800,4.215,0.03645,4.18
10,0.5,15.804,95.77,414,785,800,8.43,0.0729,4.39
15,0.5,15.804,95.77,391,785,800,12.645,0.10935,4.82
20,0.5,15.804,95.77,368,785,800,16.86,0.1458,4.59
30,0.5,15.804,95.77,322,785,800,25.29,0.2187,4.2
40,0.5,15.804,95.77,276,785,800,33.72,0.2916,3.94
50,0.5,15.804,95.77,230,785,800,42.15,0.3645,3.81
60,0.5,15.804,95.77,184,785,800,50.58,0.4374,3.65
70,0.5,15.804,95.77,138,785,800,59.01,0.5103,3.18
80,0.5,15.804,95.77,92,785,800,67.44,0.5832,2.64
0,0.52,17,,400,720,1476,0,0,
10,0.52,17,,360,720,1476,8.549,0.368,
0,0.46,20,95,650,780,975,0,0,
0,0.46,20,97,650,780,975,0,0,
10,0.46,20,97,585,780,975,7.6,0.55,
15,0.46,20,97,552.5,780,975,11.4,0.825,
20,0.46,20,95,520,780,975,15.2,1.1,
20,0.46,20,97,520,780,975,15.2,1.1,
30,0.46,20,95,455,780,975,22.8,1.65,
30,0.46,20,97,455,780,975,22.8,1.65,
40,0.46,20,95,390,780,975,30.4,2.2,
40,0.46,20,97,390,780,975,30.4,2.2,
0,0.5,20.948,95.96,460,785,800,0,0,3.33
5,0.5,20.948,95.96,437,785,800,4.4655,0.04935,3.36
10,0.5,20.948,95.96,414,785,800,8.931,0.0987,3.55
15,0.5,20.948,95.96,391,785,800,13.3965,0.14805,3.85
20,0.5,20.948,95.96,368,785,800,17.862,0.1974,3.69
30,0.5,20.948,95.96,322,785,800,26.793,0.2961,3.46
40,0.5,20.948,95.96,276,785,800,35.724,0.3948,3.31
50,0.5,20.948,95.96,230,785,800,44.655,0.4935,3.23
60,0.5,20.948,95.96,184,785,800,53.586,0.5922,3.09
0,0.35,23,100,650,961,828,,,5.5
0,0.45,23,100,650,961,828,,,4.9
10,0.35,23,100,585,961,828,,,6
10,0.45,23,100,585,961,828,,,5.4
20,0.35,23,100,520,961,828,,,4.9
20,0.45,23,100,520,961,828,,,4.5
0,0.5,23.397,96.14,460,785,800,0,0,3.33
5,0.5,23.397,96.14,437,785,800,4.605,0.03595,3.9
10,0.5,23.397,96.14,414,785,800,9.21,0.0719,4.05
15,0.5,23.397,96.14,391,785,800,13.815,0.10785,1.2
20,0.5,23.397,96.14,368,785,800,18.42,0.1438,4.41
30,0.5,23.397,96.14,322,785,800,27.63,0.2157,4.01
40,0.5,23.397,96.14,276,785,800,36.84,0.2876,3.65
50,0.5,23.397,96.14,230,785,800,46.05,0.3595,3.39
60,0.5,23.397,96.14,184,785,800,55.26,0.4314,3.18
0,0.5,25,,390,550,1391.6,0,0,
0,0.39,25,,372.5,492.58,1454.1,0,0,3.2
0,0.45,25,,400,800,1600,,,3.64
0,0.5,25,,400,800,1600,,,3.16
0,0.6,25,,400,800,1600,,,2.8
0,0.4,25,,382.5,482.46,1394.06,,,3.1
5,0.5,25,,370.5,550,1370.6,4.409,0.03,
5,0.39,25,,353.875,492.58,1454.1,4.347,0.06,2.85
5,0.4,25,,363.37,482.46,1394.06,,,2.9
7.5,0.39,25,,344.563,492.58,1454.1,6.5205,0.09,3.45
7.5,0.4,25,,353.81,482.46,1394.06,0,,3.2
10,0.62,25,,337.5,625,1202,,,
10,0.62,25,,337.5,625,1202,,,
10,0.62,25,,337.5,625,1202,,,
10,0.62,25,,337.5,625,1202,,,
10,0.5,25,,351,550,1370.6,8.818,0.06,
10,0.39,25,,335.25,492.58,1454.1,8.694,0.12,2.7
10,0.45,25,,360,800,1600,,,3.96
10,0.5,25,,360,800,1600,,,3.42
10,0.6,25,,360,800,1600,,,3.024
10,0.4,25,,344.25,482.46,1394.06,,,2.8
12.5,0.39,25,,3325.938,492.58,1454.1,10.8675,0.15,2.5
12.5,0.4,25,,334.68,482.46,1394.06,,,2.7
15,0.5,25,,331.5,550,1294.6,13.227,0.09,
15,0.39,25,,316.625,492.58,1454.1,13.041,0.18,2.7
15,0.4,25,,325.13,482.46,1394.06,,,2.6
20,0.5,25,,312,550,1294.6,17.636,0.12,
10,0.34,25.83,,60.5,690,915,9.67,0.049,
10,0.3,25.83,,68,655,865,9.67,0.049,
20,0.34,25.83,,121,690,915,19.34,0.098,
20,0.3,25.83,,136,655,865,19.34,0.098,
30,0.34,25.83,,181.5,690,915,29.01,0.147,
30,0.3,25.83,,204,655,865,29.01,0.147,
40,0.34,25.83,,242,690,915,38.68,0.196,
40,0.3,25.83,,272,655,865,38.68,0.196,
50,0.34,25.83,,302.5,690,915,48.35,0.245,
50,0.3,25.83,,340,655,865,48.35,0.245,
10,0.43,28,72,35,895,571,,,
15,0.43,28,72,53,897,572,,,
20,0.43,28,72,72,899,574,,,
0,0.55,28.54,65,364,639,1148,0,0,
10,0.55,28.54,65,327.6,639,1148,8.329,0.068,
15,0.55,28.54,65,309.4,639,1148,12.4935,0.102,
20,0.55,28.54,65,291.2,639,1148,16.658,0.136,
0,0.236,34.62,,500,990,875,0,0,
0,0.28,34.62,,600,875,774.3,0,0,
29,0.22,34.62,,600,700,675,26.5205,0.2871,
40,0.19,34.62,,500,792,810,36.58,0.396,
0,0.45,42,48,267,486,1537,0,0,2.636
0,0.5,42,48,267,486,1537,0,0,3.247
0,0.55,42,48,267,486,1537,0,0,2.709
0,0.3,42,48,530,458,1302,0,,
0,0.35,42,48,530,458,1302,0,,
0,0.35,42,48,425,446,1419,0,,3.709
0,0.4,42,48,425,446,1419,0,,3.553
0,0.45,42,48,425,446,1419,0,,3.517
0,0.5,42,48,425,446,1419,0,,2.618
0,0.55,42,48,425,446,1419,0,,3.297
5,0.45,42,48,253.65,486,1537,4.7705,0,3.451
5,0.5,42,48,253.65,486,1537,4.7705,0,3.322
5,0.55,42,48,253.65,486,1537,4.7705,0,2.486
5,0.3,42,48,503.5,458,1302,4.7705,,
5,0.35,42,48,503.5,458,1302,4.7705,,
5,0.35,42,48,403.75,446,1419,4.7705,,3.812
5,0.4,42,48,403.75,446,1419,4.7705,,4.097
5,0.45,42,48,403.75,446,1419,4.7705,,3.591
5,0.5,42,48,403.75,446,1419,4.7705,,3.476
5,0.55,42,48,403.75,446,1419,4.7705,,3.812
10,0.45,42,48,240.3,486,1537,9.541,0,3.325
10,0.5,42,48,240.3,486,1537,9.541,0,3.376
10,0.55,42,48,240.3,486,1537,9.541,0,2.683
10,0.3,42,48,477,458,1302,9.541,,
10,0.35,42,48,477,458,1302,9.541,,
10,0.4,42,48,382.5,446,1419,9.541,,3.669
10,0.45,42,48,382.5,446,1419,9.541,,3.23
10,0.5,42,48,382.5,446,1419,9.541,,3.389
10,0.55,42,48,382.5,446,1419,9.541,,3.834
15,0.5,42,48,226.8,486,1537,14.3115,0,3.218
15,0.55,42,48,226.8,486,1537,14.3115,0,3.221
15,0.3,42,48,450.5,458,1302,14.3115,,
15,0.35,42,48,450.5,458,1302,14.3115,,
15,0.45,42,48,361.25,446,1419,14.3115,,3.228
15,0.5,42,48,361.25,446,1419,14.3115,,3.694
15,0.55,42,48,361.25,446,1419,14.3115,,3.483
20,0.5,42,48,213.6,486,1537,19.082,0,3.255
20,0.55,42,48,213.6,486,1537,19.082,0,3.2463
20,0.3,42,48,424,458,1302,19.082,,
20,0.35,42,48,424,458,1302,19.082,,
20,0.5,42,48,340,446,1419,19.082,,3.294
20,0.55,42,48,340,446,1419,19.082,,3.182
25,0.55,42,48,200.25,486,1537,23.8525,,3.146
25,0.55,42,48,318.75,446,1419,23.8525,,3.176
0,0.89,60,,220,980,1060,0,0,
0,0.65,60,,270,873,1112,0,0,
0,0.6,60,,298,842,1115,0,0,
0,0.58,60,,321,812,1122,0,0,
30,0.91,60,,126,978,1059,21.21,0.84,
30,0.68,60,,156,873,1112,21.21,0.84,
30,0.63,60,,172,842,1115,21.21,0.84,
30,0.6,60,,185,812,1122,21.21,0.84,
40,0.94,60,,108,978,1059,28.28,1.12,
40,0.71,60,,134,873,1112,28.28,1.12,
40,0.68,60,,148,842,1115,28.28,1.12,
40,0.62,60,,159,812,1122,28.28,1.12,
50,0.96,60,,90,978,1059,35.35,1.4,
50,0.74,60,,111,873,1112,35.35,1.4,
50,0.71,60,,123,842,1115,35.35,1.4,
50,0.64,60,,132,812,1122,35.35,1.4,
0,0.45,63.8,,372.5333333,506.6666667,1136.266667,,,
0,0.5,63.8,,334.9333333,532.5333333,75.46666667,,,
0,0.6,63.8,,278.9333333,580.2666667,1138.133333,,,
15,0.45,63.8,,316.5333333,506.6666667,1136.266667,,,
15,0.5,63.8,,284.5333333,532.5333333,1142.133333,,,
15,0.6,63.8,,237.0666667,580.2666667,1138.133333,,,
0,0.8,75,50,300,710,1160,0,0,
0,0.69,75,50,335,660,1178,0,0,
0,0.59,75,50,360,640,1185,0,0,
0,0.54,75,50,420,580,1170,0,0,
30,0.83,75,50,132,710,1160,24.639,0.048,
30,0.72,75,50,147,660,1178,24.639,0.048,
30,0.64,75,50,158,635,1180,24.639,0.048,
30,0.57,75,50,185,580,1170,24.639,0.048,
40,0.85,75,50,96,710,1160,32.852,0.064,
40,0.75,75,50,107,660,1178,32.852,0.064,
40,0.65,75,50,108,635,1180,32.852,0.064,
40,0.61,75,50,152,580,1170,32.852,0.064,
0,0.55,90,18,351,804,845,0,0,
10,0.55,90,18,316,794,835,8.891,0.044,
15,0.55,90,18,298,790,830,13.3365,0.066,
20,0.55,90,18,281,785,825,17.782,0.088,
0,0.4,95,42,450,492,1148,0,0,
5,0.4,95,42,428,492,1148,4.393,0.065,
10,0.4,95,42,405,492,1148,8.786,0.13,
15,0.4,95,42,383,492,1148,13.179,0.195,
20,0.4,95,42,360,492,1148,17.572,0.26,
0,0.42,220,5,508,852,786.6,0,0,0.92
0,0.48,220,5,444,902,800,0,0,0.86
5,0.42,220,5,482.6,852,786.6,4.207,0.0485,1
5,0.48,220,5,421.8,902,800,4.207,0.0485,1.34
10,0.42,220,5,457.2,852,786.6,8.414,0.097,1.15
10,0.48,220,5,399.6,902,800,8.414,0.097,1.52
15,0.42,220,5,431.8,852,786.6,12.621,0.1455,0.97
15,0.48,220,5,377.4,902,800,12.621,0.1455,1.19
20,0.42,220,5,406.4,852,786.6,16.828,0.194,0.91
20,0.48,220,5,355.2,902,800,16.828,0.194,1.08
0,0.36,,,300,249,759,,,4.19
0,0.35,,,300,234,708,,,4.19
0,0.4,,,500,780,820,,,
0,0.4,,,450,796.5,846,,,
0,0.4,,,400,828,868,,,
0,0.4,,,350,847,900,,,
0,0.24,,,571,612,1088,,,4.17
0,0.45,,,300,600,1200,,,3.96
0,0.4,,,390,713,1079,,,3.21
0,0.45,,,410,620,1200,0,0,2.87
0,0.45,,92,420,815,995,0,0,3.87
0,0.53,,,400,600,1200,0,0,
0,0.38,,,500,745,945,0,0,
0,0.5,,,380,815,995,0,0,
0,0.36,,,380,815,995,0,0,3.8
0,0.5,,,359,739,1055,0,0,
0,0.65,,,284,802,1043,0,0,
0,0.4,,85,461.25,582,1204,0,0,4.8
0,0.5,,85,369,608.13,1253.45,0,0,4.65
0,0.6,,85,307.5,623.79,1287.9,0,0,4.41
0,,,,,,,0,0,
0,0.5,,,390,569,1164,0,,
0,0.3,,100,550,490,1200,0,0,
0,0.33,,100,500,510,1240,0,0,
0,0.36,,100,450,530,1280,0,0,
0,0.44,,100,350,560,1345,0,0,
0,0.5,,,300,450,900,,,
0,0.35,,,600,477,1113,0,0,6.5
0,0.55,,,348.36,572.74,1189.5,0,0,2.3
0,0.65,,,342.86,685.71,1371.42,0,,3.22
0,0.5,,,400,800,1600,,,3.46
0,0.4,,100,390,713,1079,,,3.21
0,0.35,,,488,632,1076,0,0,
0,0.5,,,359,739,1055,0,0,
0,0.65,,,284,802,1043,0,0,
0,0.53,,,376.7,880.53,1009,0,0,4.05
0,0.3,,100,533.33,945.68,674.02,,,3.96
0,0.35,,100,457.14,983.15,700.73,,,4.24
0,0.4,,100,400,1011.26,720.76,,,4.53
0,0.5,,,418,906,1155,,,
0,0.45,,,394,734.46,1146.35,0,,3.39
0,0.45,,,396.7457,698.6754,745.1945,0,0,
0,0.4,,,380,760,1140,,,
0,0.35,,,457,695,1158,,,
0,0.3,,,517,550,1302,,,
0,0.25,,,552,539,1325,,,
0,0.59,,,350,660,1185,0,0,2.5
0,0.5,,,400,588,1240,0,0,
0,0.4,,,400,1164,916,0,,2.57
0,0.5,,100,400,400,800,0,0,
0,0.4,,,580,559,830,,,3.2
0,0.4,,,425,446,1489,,,3.553
0,0.45,,,425,446,1489,,,3.517
0,0.5,,,425,446,1489,,,2.618
0,0.55,,,425,446,1489,,,3.182
0,0.45,,,420,815,995,,,3.87
0,0.45,,,394,734.46,1146.35,,,3.5
0,0.342,,,500,925,830,0,0,5.48
0,0.43,,100,480,900,670,0,0,2.73
0,0.5,,,350,960.3,795.7,0,0,
0,0.413,,,450,635,1151,0,0,3.15
0,0.3,,,750,590,1000,0,0,15.58
0,0.45,,,475,607.25,1127.75,,,
0,0.56,,,440,580,1115,0,0,2.84
0,0.33,,,392,786,1062,0,,
0,0.31,,,410,786,1044,0,,
0,0.3,,,428,786,1026,0,,
0,0.45,,100,476,595,1299.48,0,0,
0,0.39,,100,372.5,492.58,1454.1,0,0,3.2
0,0.38,,,416,1070,775,0,0,4.11
0,0.44,,,385,1070,775,0,0,3.94
0,0.5,,,360,1070,775,0,0,
0,0.56,,,335,1070,775,0,0,3.1
0,0.62,,,314,1070,775,0,0,2.85
0,0.68,,,295,1070,775,0,0,2.68
0,0.5,,,360,1070,775,0,0,3.54
0,0.3,,100,550,490,1200,,,
0,0.33,,100,500,510,1240,,,
0,0.36,,100,450,530,1280,,,
0,0.44,,100,350,560,1345,,,
1.5,0.5,,,295.5,450,900,,,
2.5,0.4,,,487.5,780,820,,,
2.5,0.4,,,438.75,796.5,846,,,
2.5,0.4,,,390,828,868,,,
2.5,0.4,,,341.25,847,900,,,
2.5,0.5,,,292.5,450,900,,,
2.5,0.45,,,384.15,734.46,1146.35,2.1875,,3.3
2.5,0.4,,,565.5,559,830,,,3.7
2.5,0.45,,,384.15,734.46,1146.35,,,3.39
5,0.36,,,275,249,759,,,4.05
5,0.35,,,275,234,708,,,4.6
5,0.4,,,475,780,820,,,
5,0.4,,,427.5,796.5,846,,,
5,0.4,,,380,828,868,,,
5,0.4,,,332.5,847,900,,,
5,0.4,,,370.5,713,1079,,,3.34
5,0.45,,,289.5,620,1200,4.357,0.056,2.72
5,0.53,,,380,600,1200,4.6475,0.0265,
5,0.38,,,475,745,945,4.4935,0.0245,
5,0.36,,,361,868,995,4.4935,0.0245,
5,0.36,,,380,863,974,4.4935,0.0245,
5,,,,,,,4.55,0.099,
5,0.5,,,370.5,569,1164,4.52,,
5,0.5,,,285,450,900,,,
5,0.35,,,570,477,1113,3.762,0.121,6.64
5,0.55,,,330.94,572.74,1189.5,3.992,0.0275,2.38
5,0.65,,,325.71,685.71,1371.42,4.7705,,2.51
5,0.5,,,380,800,1600,,,3.44
5,0.4,,100,370.5,713,1079,,,3.34
5,0.53,,,353.15,868.93,995.71,4.036,0.069,4.15
5,0.3,,100,506.67,945.68,674.02,,,3.68
5,0.35,,100,434.28,983.15,700.73,,,2.97
5,0.4,,100,380,1011.26,720.76,,,2.83
5,0.5,,,397,906,1155,,,
5,0.45,,,374.3,734.46,1146.35,4.375,,3.11
5,0.45,,,377.7825,698.6754,745.1945,4.349,0.07,
5,0.35,,,434.15,695,1158,,,
5,0.3,,,491.3,550,1302,,,
5,0.25,,,524.4,539,1325,,,
5,0.5,,,380,588,1240,4.316,0.1255,
5,0.4,,,380,1164,916,4.375,,2.74
5,0.5,,100,380,400,800,4.39,0.035,
5,0.4,,,551.7,559,830,,,4
5,0.4,,,425,446,1489,,,4.097
5,0.45,,,425,446,1489,,,3.591
5,0.5,,,425,446,1489,,,3.476
5,0.55,,,425,446,1489,,,3.297
5,0.45,,,374.3,734.46,1146.35,,,3.3
5,0.342,,,475,925,830,3.72,0.195,5.79
5,0.3,,,712.5,590,1000,4.35,0.125,15.73
5,0.45,,,451.25,607.25,1127.75,,,
5,0.56,,,418,580,1115,3.822,0.1765,3.04
5,0.39,,100,353.875,492.58,1454.1,4.347,0.125,2.85
5,0.5,,,342,1070,775,4.4035,0.052,3.71
7,0.45,,92,390.6,815,995,6.2727,0.0637,4.13
7,0.45,,,390.6,815,995,,,4.13
7,0.5,,,325.5,960.3,795.7,6.2727,0.0637,
7.5,0.4,,,462.5,780,820,,,
7.5,0.4,,,416.25,796.5,846,,,
7.5,0.4,,,370,828,868,,,
7.5,0.4,,,323.75,847,900,,,
7.5,0.5,,,277.5,450,900,,,
7.5,0.65,,,317.14,685.71,1371.42,7.15575,,2.46
7.5,0.45,,,364.45,734.46,1146.35,6.5625,,2.83
7.5,0.5,,100,370,400,800,6.585,0.0525,
7.5,0.4,,,538.6,559,830,,,3.9
7.5,0.45,,,364.45,734.46,1146.35,,,3.11
7.5,0.3,,,693.75,590,1000,6.525,0.1875,14.23
7.5,0.39,,100,344.563,492.58,1454.1,6.5205,0.1875,3.45
9,0.33,,,356,786,1062,7.875,,
10,0.36,,,260,249,759,,,4.05
10,0.35,,,260,234,708,,,4.26
10,0.4,,,450,780,820,,,
10,0.4,,,405,796.5,846,,,
10,0.4,,,360,828,868,,,
10,0.4,,,315,847,900,,,
10,0.31,,,514,591,1050,,,3.45
10,0.3,,,514,592,1052,,,3.8
10,0.5,,,270,600,1200,,,3.42
10,0.4,,,351,713,1079,,,2.65
10,0.45,,,369,620,1200,8.714,0.112,2.59
10,0.45,,92,378,815,995,8.961,0.091,4.19
10,0.53,,,360,600,1200,9.295,0.053,
10,0.38,,,450,745,945,8.987,0.049,4.3
10,0.36,,,342,868,995,8.987,0.049,3.9
10,0.36,,,380,852,960,8.987,0.049,4.1
10,0.5,,,323,726,1055,9,0.045,
10,0.65,,,255,791,1043,9,0.045,
10,0.4,,85,415.12,582,1204,8.2,0.26,4.46
10,0.5,,85,332.1,608.13,1253.45,8.2,0.26,4.23
10,0.6,,85,276.7,623.79,1287.9,8.2,0.26,3.98
10,0.5,,,351,569,1164,9.04,,
10,0.3,,100,495,490,1200,8.947,0.269,
10,0.33,,100,450,510,1240,8.947,0.269,
10,0.36,,100,405,530,1280,8.947,0.269,
10,0.44,,100,315,560,1345,8.947,0.269,
10,0.5,,,270,450,900,,,
10,0.35,,,540,477,1113,7.524,0.242,6.79
10,0.55,,,313.52,572.74,1189.5,7.984,0.055,2.54
10,0.65,,,308.57,685.71,1371.42,9.541,,2.42
10,0.5,,,360,800,1600,,,3.46
10,0.4,,100,351,713,1079,,,2.65
10,0.35,,,439,614,1076,9,0.045,
10,0.5,,,323,726,1055,9,0.045,
10,0.65,,,255,791,1043,9,0.045,
10,0.53,,,330.21,857.63,982.76,8.072,0.138,4.25
10,0.3,,100,480,945.68,674.02,,,3.39
10,0.35,,100,411.42,983.15,700.73,,,3.11
10,0.4,,100,360,1011.26,720.76,,,2.26
10,0.5,,,376,906,1155,,,
10,0.45,,,354.6,734.46,1146.35,8.75,,2.62
10,0.45,,,358.8193,698.6754,745.1945,8.698,0.14,
10,0.35,,,411.3,695,1158,,,
10,0.3,,,465.6,550,1302,,,
10,0.25,,,496.8,539,1325,,,
10,0.59,,,315,660,1185,9.018,0.264,2.7
10,0.5,,,360,588,1240,8.632,0.251,
10,0.4,,,360,1164,916,8.75,,2.8
10,0.5,,100,360,400,800,8.78,0.07,
10,0.4,,,526.1,559,830,,,4.5
10,0.4,,,425,446,1489,,,3.669
10,0.45,,,425,446,1489,,,3.23
10,0.5,,,425,446,1489,,,3.389
10,0.55,,,425,446,1489,,,3.812
10,0.45,,,378,815,995,,,4.19
10,0.45,,,354.6,734.46,1146.35,,,2.83
10,0.342,,,450,925,830,7.44,0.39,6.03
10,0.29,,,500,832,830,7.44,0.39,7.09
10,0.43,,100,480,810,670,9.35,0.111,2.91
10,0.5,,,315,960.3,795.7,8.961,0.091,
10,0.413,,,405,635,1151,8.61,0.18,3.67
10,0.3,,,675,590,1000,8.7,0.25,13.65
10,0.45,,,427.5,607.25,1127.75,,,
10,0.56,,,396,580,1115,7.644,0.353,3.27
10,0.45,,100,428.4,595,1299.48,8.694,0.25,
10,0.39,,100,335.25,492.58,1454.1,8.694,0.25,2.7
10,0.38,,,374.4,1070,775,8.807,0.104,4.19
10,0.44,,,346.5,1070,775,8.807,0.104,4.08
10,0.5,,,324,1070,775,8.807,0.104,
10,0.56,,,301.5,1070,775,8.807,0.104,3.38
10,0.62,,,282.6,1070,775,8.807,0.104,2.97
10,0.68,,,265.5,1070,775,8.807,0.104,2.89
10,0.5,,,324,1070,775,8.807,0.104,3.69
10,0.3,,100,495,490,1200,,,
10,0.33,,100,450,510,1240,,,
10,0.36,,100,405,530,1280,,,
10,0.44,,100,315,560,1345,,,
12,0.31,,,356,786,1044,10.5,,
12.5,0.65,,,291.43,685.71,1371.42,11.92625,,2.25
12.5,0.39,,100,325.938,492.58,1454.1,10.8675,0.3125,2.5
15,0.36,,,255,249,759,,,3.98
15,0.35,,,255,234,708,,,4.19
15,0.4,,,331.5,713,1079,,,2.59
15,0.45,,,348.5,620,1200,13.071,0.168,2.41
15,0.45,,92,357,815,995,13.4415,0.1365,4.39
15,0.53,,,340,600,1200,13.9425,0.0795,
15,0.38,,,425,745,945,13.4805,0.0735,
15,0.36,,,323,868,995,13.4805,0.0735,
15,0.36,,,380,839,947,13.4805,0.0735,
15,0.4,,85,392.06,582,1204,12.3,0.39,4.16
15,0.5,,85,313.75,608.13,1253.45,12.3,0.39,3.91
15,0.6,,85,261.37,623.79,1287.9,12.3,0.39,3.51
15,,,,,,,13.65,0.297,
15,0.5,,,331.5,569,1164,13.56,,
15,0.3,,100,467,490,1200,13.4205,0.4035,
15,0.33,,100,425,510,1240,13.4205,0.4035,
15,0.36,,100,382,530,1280,13.4205,0.4035,
15,0.44,,100,297,560,1345,13.4205,0.4035,
15,0.35,,,510,477,1113,11.286,0.363,6.4
15,0.55,,,296.11,572.74,1189.5,11.976,0.0825,2.1
15,0.65,,,291.43,685.71,1371.42,14.3115,,2.17
15,0.5,,,340,800,1600,,,3.41
15,0.4,,100,331.5,713,1079,,,2.59
15,0.53,,,307.87,846.62,970.15,12.108,0.207,4.18
15,0.3,,100,453.34,945.68,674.02,,,3.11
15,0.35,,100,388.57,983.15,700.73,,,2.69
15,0.4,,100,340,1011.26,720.76,,,2.12
15,0.5,,,355,906,1155,,,
15,0.45,,,334.9,734.46,1146.35,13.125,,
15,0.45,,,339.8561,698.6754,745.1945,13.047,0.21,
15,0.35,,,388.45,695,1158,,,
15,0.3,,,439.9,550,1302,,,
15,0.25,,,469.2,539,1325,,,
15,0.5,,,340,588,1240,12.948,0.3765,
15,0.4,,,340,1164,916,13.125,,2.91
15,0.5,,100,340,400,800,13.17,0.105,
15,0.45,,,425,446,1489,,,3.228
15,0.5,,,425,446,1489,,,3.694
15,0.55,,,425,446,1489,,,3.834
15,0.45,,,357,815,995,,,4.39
15,0.45,,,334.9,734.46,1146.35,,,2.62
15,0.342,,,425,925,830,11.16,0.585,7
15,0.268,,,500,786,830,11.16,0.585,5.52
15,0.5,,,297.5,960.3,795.7,13.4415,0.1365,
15,0.45,,,403.75,607.25,1127.75,,,
15,0.56,,,374,580,1115,11.466,0.5295,3.51
15,0.39,,100,316.625,492.58,1454.1,13.041,0.375,2.7
15,0.5,,,306,1070,775,13.2105,0.156,3.63
15,0.3,,100,467.5,490,1200,,,
15,0.33,,100,425,510,1240,,,
15,0.36,,100,382.5,530,1280,,,
15,0.44,,100,297.5,560,1345,,,
17,0.3,,,356,786,1026,14.875,,
20,0.33,,,457,585,1040,,,3.17
20,0.32,,,457,585,1041,,,3.72
20,0.6,,,240,600,1200,,,3.02
20,0.4,,,312,713,1079,,,2.19
20,0.45,,,328,620,1200,17.428,0.224,2.23
20,0.53,,,320,600,1200,18.59,0.106,
20,0.38,,,400,745,945,17.974,0.098,
20,0.36,,,304,868,995,17.974,0.098,
20,0.36,,,380,827,933,17.974,0.098,
20,0.35,,,390,596,1076,18,0.09,
20,0.5,,,287,713,1055,18,0.09,
20,0.65,,,227,781,1043,18,0.09,
20,0.5,,,312,569,1164,18.08,,
20,0.3,,100,445,490,1200,17.894,0.538,
20,0.33,,100,400,510,1240,17.894,0.538,
20,0.36,,100,360,530,1280,17.894,0.538,
20,0.44,,100,280,560,1345,17.894,0.538,
20,0.35,,,480,477,1113,15.048,0.484,6.19
20,0.55,,,278.7,572.74,1189.5,15.968,0.11,1.97
20,0.5,,,320,800,1600,,,3.35
20,0.4,,,312,713,1079,,,2.19
20,0.35,,,390,596,1076,18,0.09,
20,0.5,,,287,713,1055,18,0.09,
20,0.65,,,227,781,1043,18,0.09,
20,0.53,,,286.08,835.89,957.85,16.144,0.276,4
20,0.3,,100,426.67,945.68,674.02,,,2.35
20,0.35,,100,365.71,983.15,700.73,,,2.12
20,0.4,,100,320,1011.26,720.76,,,1.98
20,0.59,,,280,660,1185,18.036,0.528,2.33
20,0.5,,,320,588,1240,17.264,0.502,
20,0.4,,,320,1164,916,17.5,,2.74
20,0.5,,,425,446,1489,,,3.294
20,0.55,,,425,446,1489,,,3.483
20,0.342,,,400,925,830,14.88,0.78,6.64
20,0.25,,,500,740,830,14.88,0.78,5.06
20,0.43,,100,480,720,670,18.7,0.222,2.76
20,0.45,,,380,607.25,1127.75,,,
20,0.56,,,352,580,1115,15.288,0.706,3.24
20,0.45,,100,380.8,595,1299.48,17.388,0.5,
20,0.5,,,288,1070,775,17.614,0.208,2.94
20,0.3,,100,440,490,1200,,,
20,0.33,,100,400,510,1240,,,
20,0.36,,100,360,530,1280,,,
20,0.44,,100,280,560,1345,,,
25,0.45,,,307.5,620,1200,21.785,0.28,2.02
25,0.53,,,300,600,1200,23.2375,0.1325,
25,,,,,,,22.75,0.495,
25,0.5,,,300,800,1600,,,3.28
25,0.53,,,264.85,825.43,945.83,20.18,0.345,3.85
25,0.5,,,300,588,1240,21.58,0.6275,
25,0.4,,,300,1164,916,21.875,,2.64
25,0.55,,,425,446,1489,,,3.176
25,0.342,,,375,925,830,18.6,0.975,6.09
30,0.36,,,400,578,1027,,,2.97
30,0.34,,,400,579,1029,,,3.44
30,0.45,,,287,620,1200,26.142,0.336,1.85
30,0.53,,,280,600,1200,27.885,0.159,
30,0.35,,,342,579,1076,27,0.135,
30,0.5,,,251,700,1055,27,0.135,
30,0.65,,,199,771,1043,27,0.135,
30,0.3,,100,385,490,1200,26.841,0.807,
30,0.33,,100,350,510,1240,26.841,0.807,
30,0.36,,100,315,530,1280,26.841,0.807,
30,0.5,,,280,800,1600,,,2.53
30,0.35,,,342,579,1076,27,0.135,
30,0.5,,,251,700,1055,27,0.135,
30,0.65,,,199,771,1043,27,0.135,
30,0.59,,,245,660,1185,27.054,0.792,2.16
30,0.43,,100,480,630,670,28.05,0.333,2.18
30,0.45,,100,333.2,595,1299.48,26.082,0.75,
30,0.3,,100,385,490,1200,,,
30,0.33,,100,350,510,1240,,,
30,0.36,,100,315,530,1280,,,
35,0.45,,,266.5,620,1200,30.499,0.392,1.61
