rha_replacement_pct,water_binder_ratio,mean_particle_size,fineness_passing_45um_pct,cement_kg_m3,fine_aggregate,coarse_aggregate,silica_content,calcium_dioxide,rcpt_28
0.0,0.35,15.21,96.5,600.0,477.0,1113.0,0.0,0.0,
0.0,0.36,,,300.0,249.0,759.0,,,
0.0,0.35,,,300.0,234.0,708.0,,,
0.0,0.4,,,500.0,780.0,820.0,,,
0.0,0.4,,,450.0,796.5,846.0,,,
0.0,0.4,,,400.0,828.0,868.0,,,
0.0,0.4,,,350.0,847.0,900.0,,,
0.0,0.24,,,571.0,612.0,1088.0,,,
0.0,0.45,,,300.0,600.0,1200.0,,,
0.0,0.4,,,390.0,713.0,1079.0,,,
0.0,0.35,12.0,,571.0,633.0,933.0,0.0,,
0.0,0.89,60.0,,220.0,980.0,1060.0,0.0,0.0,
0.0,0.65,60.0,,270.0,873.0,1112.0,0.0,0.0,
0.0,0.6,60.0,,298.0,842.0,1115.0,0.0,0.0,
0.0,0.58,60.0,,321.0,812.0,1122.0,0.0,0.0,
0.0,0.3,12.0,70.0,533.0,1075.0,660.0,0.0,0.0,
0.0,0.45,,,410.0,620.0,1200.0,0.0,0.0,
0.0,0.45,,92.0,420.0,815.0,995.0,0.0,0.0,4517.0
0.0,0.63,7.5,78.13,325.0,900.0,940.0,0.0,0.0,
0.0,0.63,7.5,78.13,325.0,900.0,940.0,0.0,0.0,
0.0,0.4,7.0,99.0,392.0,686.0,1121.0,0.0,0.0,
0.0,0.4,7.0,99.0,385.0,674.0,1102.0,0.0,0.0,
0.0,0.4,7.0,99.0,386.0,676.0,1105.0,0.0,0.0,
0.0,0.53,,,400.0,600.0,1200.0,0.0,0.0,1161.0
0.0,0.38,,,500.0,745.0,945.0,0.0,0.0,
0.0,0.5,,,380.0,815.0,995.0,0.0,0.0,
0.0,0.36,,,380.0,815.0,995.0,0.0,0.0,
0.0,0.6,9.0,97.0,350.0,844.0,854.0,0.0,,
0.0,0.35,9.0,97.0,488.0,632.0,1076.0,0.0,0.0,
0.0,0.5,,,359.0,739.0,1055.0,0.0,0.0,
0.0,0.65,,,284.0,802.0,1043.0,0.0,0.0,
0.0,0.43,7.0,96.0,420.0,621.0,1108.0,0.0,0.0,910.0
0.0,0.35,7.0,96.0,474.0,636.0,1113.0,0.0,0.0,955.0
0.0,0.43,7.0,96.0,420.0,621.0,1108.0,0.0,0.0,1744.0
0.0,0.35,7.0,96.0,474.0,636.0,1113.0,0.0,0.0,2434.0
0.0,0.4,,85.0,461.25,582.0,1204.0,0.0,0.0,
0.0,0.5,,85.0,369.0,608.13,1253.45,0.0,0.0,
0.0,0.6,,85.0,307.5,623.79,1287.9,0.0,0.0,
0.0,,,,,,,0.0,0.0,
0.0,0.5,,,390.0,569.0,1164.0,0.0,,2366.0
0.0,0.4,95.0,42.0,450.0,492.0,1148.0,0.0,0.0,
0.0,0.3,,100.0,550.0,490.0,1200.0,0.0,0.0,
0.0,0.33,,100.0,500.0,510.0,1240.0,0.0,0.0,
0.0,0.36,,100.0,450.0,530.0,1280.0,0.0,0.0,
0.0,0.44,,100.0,350.0,560.0,1345.0,0.0,0.0,
0.0,0.5,,,300.0,450.0,900.0,,,
0.0,0.35,,,600.0,477.0,1113.0,0.0,0.0,
0.0,0.55,,,348.36,572.74,1189.5,0.0,0.0,
0.0,0.53,3.8,,383.0,575.0,1150.0,0.0,0.0,2250.0
0.0,0.65,,,342.86,685.71,1371.42,0.0,,
0.0,0.45,42.0,48.0,267.0,486.0,1537.0,0.0,0.0,
0.0,0.5,42.0,48.0,267.0,486.0,1537.0,0.0,0.0,
0.0,0.55,42.0,48.0,267.0,486.0,1537.0,0.0,0.0,
0.0,0.5,,,400.0,800.0,1600.0,,,
0.0,0.4,,100.0,390.0,713.0,1079.0,,,
0.0,0.3,42.0,48.0,530.0,458.0,1302.0,0.0,,
0.0,0.35,42.0,48.0,530.0,458.0,1302.0,0.0,,
0.0,0.35,42.0,48.0,425.0,446.0,1419.0,0.0,,
0.0,0.4,42.0,48.0,425.0,446.0,1419.0,0.0,,
0.0,0.45,42.0,48.0,425.0,446.0,1419.0,0.0,,
0.0,0.5,42.0,48.0,425.0,446.0,1419.0,0.0,,
0.0,0.55,42.0,48.0,425.0,446.0,1419.0,0.0,,
0.0,0.5,23.397,96.14,460.0,785.0,800.0,0.0,0.0,
0.0,0.5,20.948,95.96,460.0,785.0,800.0,0.0,0.0,
0.0,0.5,15.804,95.77,460.0,785.0,800.0,0.0,0.0,
0.0,0.35,,,488.0,632.0,1076.0,0.0,0.0,1039.0
0.0,0.5,,,359.0,739.0,1055.0,0.0,0.0,1482.0
0.0,0.65,,,284.0,802.0,1043.0,0.0,0.0,1770.0
0.0,0.42,220.0,5.0,508.0,852.0,786.6,0.0,0.0,
0.0,0.48,220.0,5.0,444.0,902.0,800.0,0.0,0.0,
0.0,0.53,,,376.7,880.53,1009.0,0.0,0.0,
0.0,0.3,,100.0,533.33,945.68,674.02,,,
0.0,0.35,,100.0,457.14,983.15,700.73,,,
0.0,0.4,,100.0,400.0,1011.26,720.76,,,
0.0,0.5,,,418.0,906.0,1155.0,,,
0.0,0.45,,,394.0,734.46,1146.35,0.0,,
0.0,0.55,28.54,65.0,364.0,639.0,1148.0,0.0,0.0,
0.0,0.45,,,396.7457,698.6754,745.1945,0.0,0.0,3853.67
0.0,0.45,6.0,93.0,420.0,621.0,1108.0,0.0,0.0,2154.0
0.0,0.4,,,380.0,760.0,1140.0,,,2961.0
0.0,0.35,,,457.0,695.0,1158.0,,,1156.8
0.0,0.3,,,517.0,550.0,1302.0,,,952.76
0.0,0.25,,,552.0,539.0,1325.0,,,850.34
0.0,0.55,4.85,99.0,347.0,548.0,1260.0,0.0,0.0,3143.0
0.0,0.53,4.85,99.0,383.0,575.0,1150.0,0.0,0.0,2778.0
0.0,0.25,13.0,100.0,550.0,702.0,1050.0,0.0,0.0,
0.0,0.55,90.0,18.0,351.0,804.0,845.0,0.0,0.0,
0.0,0.59,,,350.0,660.0,1185.0,0.0,0.0,
0.0,0.32,8.0,100.0,534.0,690.0,1050.0,0.0,0.0,
0.0,0.4,8.0,100.0,462.0,723.0,1018.0,0.0,0.0,
0.0,0.5,8.0,100.0,408.0,758.0,983.0,0.0,0.0,
0.0,0.3,6.0,100.0,492.7,842.2,846.3,0.0,,
0.0,0.35,6.0,100.0,422.3,871.8,876.1,0.0,,
0.0,0.4,6.0,100.0,369.5,894.0,898.4,0.0,,
0.0,0.5,6.0,100.0,296.8,923.7,928.3,0.0,,
0.0,0.5,6.0,100.0,334.8,935.5,940.1,0.0,,
0.0,0.53,12.0,100.0,396.0,844.0,951.0,0.0,0.0,
0.0,0.45,63.8,,372.5333333,506.6666667,1136.266667,,,
0.0,0.5,63.8,,334.9333333,532.5333333,75.46666667,,,
0.0,0.6,63.8,,278.9333333,580.2666667,1138.133333,,,
0.0,0.5,25.0,,390.0,550.0,1391.6,0.0,0.0,1643.0
0.0,0.5,,,400.0,588.0,1240.0,0.0,0.0,
0.0,0.4,,,400.0,1164.0,916.0,0.0,,
0.0,0.46,20.0,95.0,650.0,780.0,975.0,0.0,0.0,4528.0
0.0,0.3,15.0,99.0,447.8,708.0,1153.0,0.0,0.0,
0.0,0.39,25.0,,372.5,492.58,1454.1,0.0,0.0,
0.0,0.35,12.0,,571.0,633.0,933.0,0.0,,
0.0,0.5,,100.0,400.0,400.0,800.0,0.0,0.0,
0.0,0.8,75.0,50.0,300.0,710.0,1160.0,0.0,0.0,
0.0,0.69,75.0,50.0,335.0,660.0,1178.0,0.0,0.0,
0.0,0.59,75.0,50.0,360.0,640.0,1185.0,0.0,0.0,
0.0,0.54,75.0,50.0,420.0,580.0,1170.0,0.0,0.0,
0.0,0.35,23.0,100.0,650.0,961.0,828.0,,,
0.0,0.45,23.0,100.0,650.0,961.0,828.0,,,
0.0,0.4,,,580.0,559.0,830.0,,,
0.0,0.4,,,425.0,446.0,1489.0,,,
0.0,0.45,,,425.0,446.0,1489.0,,,
0.0,0.5,,,425.0,446.0,1489.0,,,
0.0,0.55,,,425.0,446.0,1489.0,,,
0.0,0.3,12.0,,533.0,1075.0,660.0,,,
0.0,0.45,25.0,,400.0,800.0,1600.0,,,
0.0,0.5,25.0,,400.0,800.0,1600.0,,,
0.0,0.6,25.0,,400.0,800.0,1600.0,,,
0.0,0.45,,,420.0,815.0,995.0,,,
0.0,0.45,,,394.0,734.46,1146.35,,,
0.0,0.236,34.62,,500.0,990.0,875.0,0.0,0.0,
0.0,0.28,34.62,,600.0,875.0,774.3,0.0,0.0,
0.0,0.5,6.57,,380.0,755.0,685.0,0.0,0.0,1886.0
0.0,0.342,,,500.0,925.0,830.0,0.0,0.0,
0.0,0.43,,100.0,480.0,900.0,670.0,0.0,0.0,
0.0,0.5,,,350.0,960.3,795.7,0.0,0.0,4264.0
0.0,0.413,,,450.0,635.0,1151.0,0.0,0.0,1855.0
0.0,0.3,5.69,100.0,560.0,725.0,1000.0,0.0,0.0,528.67
0.0,0.52,17.0,,400.0,720.0,1476.0,0.0,0.0,2692.0
0.0,0.49,9.52,100.0,420.0,950.0,805.0,0.0,,
0.0,0.3,,,750.0,590.0,1000.0,0.0,0.0,
0.0,0.45,,,475.0,607.25,1127.75,,,
0.0,0.56,,,440.0,580.0,1115.0,0.0,0.0,
0.0,0.33,,,392.0,786.0,1062.0,0.0,,3500.0
0.0,0.31,,,410.0,786.0,1044.0,0.0,,3260.0
0.0,0.3,,,428.0,786.0,1026.0,0.0,,3000.0
0.0,0.54,5.21,100.0,350.0,680.0,1040.0,0.0,,412.126
0.0,0.46,20.0,97.0,650.0,780.0,975.0,0.0,0.0,6033.0
0.0,0.45,,100.0,476.0,595.0,1299.48,0.0,0.0,
0.0,0.39,,100.0,372.5,492.58,1454.1,0.0,0.0,
0.0,0.38,,,416.0,1070.0,775.0,0.0,0.0,
0.0,0.44,,,385.0,1070.0,775.0,0.0,0.0,
0.0,0.5,,,360.0,1070.0,775.0,0.0,0.0,
0.0,0.56,,,335.0,1070.0,775.0,0.0,0.0,
0.0,0.62,,,314.0,1070.0,775.0,0.0,0.0,
0.0,0.68,,,295.0,1070.0,775.0,0.0,0.0,
0.0,0.5,,,360.0,1070.0,775.0,0.0,0.0,
0.0,0.42,12.34,96.6,490.0,651.7,1112.3,0.0,0.0,
0.0,0.4,25.0,,382.5,482.46,1394.06,,,
0.0,0.3,,100.0,550.0,490.0,1200.0,,,1145.0
0.0,0.33,,100.0,500.0,510.0,1240.0,,,1372.0
0.0,0.36,,100.0,450.0,530.0,1280.0,,,1434.0
0.0,0.44,,100.0,350.0,560.0,1345.0,,,1391.0
1.5,0.5,,,295.5,450.0,900.0,,,
2.5,0.4,,,487.5,780.0,820.0,,,
2.5,0.4,,,438.75,796.5,846.0,,,
2.5,0.4,,,390.0,828.0,868.0,,,
2.5,0.4,,,341.25,847.0,900.0,,,
2.5,0.5,,,292.5,450.0,900.0,,,
2.5,0.45,,,384.15,734.46,1146.35,2.1875,,
2.5,0.4,,,565.5,559.0,830.0,,,
2.5,0.45,,,384.15,734.46,1146.35,,,
5.0,0.35,15.21,96.5,570.0,477.0,1113.0,4.4715,0.055,
5.0,0.36,,,275.0,249.0,759.0,,,
5.0,0.35,,,275.0,234.0,708.0,,,
5.0,0.4,,,475.0,780.0,820.0,,,
5.0,0.4,,,427.5,796.5,846.0,,,
5.0,0.4,,,380.0,828.0,868.0,,,
5.0,0.4,,,332.5,847.0,900.0,,,
5.0,0.4,,,370.5,713.0,1079.0,,,
5.0,0.45,,,289.5,620.0,1200.0,4.357,0.056,
5.0,0.4,7.0,99.0,369.0,677.0,1105.0,4.36,0.0275,
5.0,0.53,,,380.0,600.0,1200.0,4.6475,0.0265,1108.0
5.0,0.38,,,475.0,745.0,945.0,4.4935,0.0245,
5.0,0.36,,,361.0,868.0,995.0,4.4935,0.0245,
5.0,0.36,,,380.0,863.0,974.0,4.4935,0.0245,
5.0,0.43,7.0,96.0,399.0,582.0,1108.0,4.36,0.0275,770.0
5.0,0.35,7.0,96.0,447.0,585.1,1113.0,4.36,0.0275,714.0
5.0,0.43,7.0,96.0,399.0,582.0,1108.0,4.36,0.0275,915.0
5.0,0.35,7.0,96.0,447.0,585.1,1113.0,4.36,0.0275,917.0
5.0,,,,,,,4.55,0.099,
5.0,0.5,,,370.5,569.0,1164.0,4.52,,1714.0
5.0,0.4,95.0,42.0,428.0,492.0,1148.0,4.393,0.065,
5.0,0.4,5.0,97.0,428.0,492.0,1148.0,4.393,0.065,
5.0,0.53,3.8,99.0,19.0,575.0,1150.0,4.366,0.024,2196.0
5.0,0.5,,,285.0,450.0,900.0,,,
5.0,0.35,,,570.0,477.0,1113.0,3.762,0.121,
5.0,0.55,,,330.94,572.74,1189.5,3.992,0.0275,
5.0,0.53,3.8,,364.0,575.0,1150.0,4.366,0.024,2150.0
5.0,0.65,,,325.71,685.71,1371.42,4.7705,,
5.0,0.45,42.0,48.0,253.65,486.0,1537.0,4.7705,0.0,
5.0,0.5,42.0,48.0,253.65,486.0,1537.0,4.7705,0.0,
5.0,0.55,42.0,48.0,253.65,486.0,1537.0,4.7705,0.0,
5.0,0.5,,,380.0,800.0,1600.0,,,
5.0,0.4,,100.0,370.5,713.0,1079.0,,,
5.0,0.3,42.0,48.0,503.5,458.0,1302.0,4.7705,,
5.0,0.35,42.0,48.0,503.5,458.0,1302.0,4.7705,,
5.0,0.35,42.0,48.0,403.75,446.0,1419.0,4.7705,,
5.0,0.4,42.0,48.0,403.75,446.0,1419.0,4.7705,,
5.0,0.45,42.0,48.0,403.75,446.0,1419.0,4.7705,,
5.0,0.5,42.0,48.0,403.75,446.0,1419.0,4.7705,,
5.0,0.55,42.0,48.0,403.75,446.0,1419.0,4.7705,,
5.0,0.5,23.397,96.14,437.0,785.0,800.0,4.605,0.03595,
5.0,0.5,20.948,95.96,437.0,785.0,800.0,4.4655,0.04935,
5.0,0.5,15.804,95.77,437.0,785.0,800.0,4.215,0.03645,
5.0,0.42,220.0,5.0,482.6,852.0,786.6,4.207,0.0485,
5.0,0.48,220.0,5.0,421.8,902.0,800.0,4.207,0.0485,
5.0,0.53,,,353.15,868.93,995.71,4.036,0.069,
5.0,0.3,,100.0,506.67,945.68,674.02,,,
5.0,0.35,,100.0,434.28,983.15,700.73,,,
5.0,0.4,,100.0,380.0,1011.26,720.76,,,
5.0,0.5,,,397.0,906.0,1155.0,,,
5.0,0.45,,,374.3,734.46,1146.35,4.375,,
5.0,0.45,,,377.7825,698.6754,745.1945,4.349,0.07,1918.67
5.0,0.45,6.0,93.0,399.0,852.0,1108.0,4.31,0.0265,1932.0
5.0,0.35,,,434.15,695.0,1158.0,,,833.36
5.0,0.3,,,491.3,550.0,1302.0,,,728.56
5.0,0.25,,,524.4,539.0,1325.0,,,643.7
5.0,0.55,4.85,99.0,330.0,548.0,1260.0,4.366,0.024,2228.0
5.0,0.53,4.85,99.0,364.0,575.0,1150.0,4.366,0.024,2216.0
5.0,0.35,6.0,100.0,401.2,867.1,871.4,4.68,,
5.0,0.53,12.0,100.0,376.0,844.0,951.0,4.545,0.04,
5.0,0.5,25.0,,370.5,550.0,1370.6,4.409,0.03,1591.0
5.0,0.5,,,380.0,588.0,1240.0,4.316,0.1255,
5.0,0.4,,,380.0,1164.0,916.0,4.375,,
5.0,0.39,25.0,,353.875,492.58,1454.1,4.347,0.06,
5.0,0.5,,100.0,380.0,400.0,800.0,4.39,0.035,
5.0,0.4,,,551.7,559.0,830.0,,,
5.0,0.4,,,425.0,446.0,1489.0,,,
5.0,0.45,,,425.0,446.0,1489.0,,,
5.0,0.5,,,425.0,446.0,1489.0,,,
5.0,0.55,,,425.0,446.0,1489.0,,,
5.0,0.45,,,374.3,734.46,1146.35,,,
5.0,0.5,6.57,,361.0,755.0,685.0,4.125,0.031,1078.0
5.0,0.342,,,475.0,925.0,830.0,3.72,0.195,
5.0,0.3,5.69,100.0,532.0,725.0,1000.0,4.145,0.1145,478.69
5.0,0.3,,,712.5,590.0,1000.0,4.35,0.125,
5.0,0.45,,,451.25,607.25,1127.75,,,
5.0,0.56,,,418.0,580.0,1115.0,3.822,0.1765,
5.0,0.39,,100.0,353.875,492.58,1454.1,4.347,0.125,
5.0,0.5,,,342.0,1070.0,775.0,4.4035,0.052,
5.0,0.42,12.34,96.6,465.5,651.7,1112.3,4.6495,0.0515,
5.0,0.4,25.0,,363.37,482.46,1394.06,,,
7.0,0.45,,92.0,390.6,815.0,995.0,6.2727,0.0637,2611.0
7.0,0.45,,,390.6,815.0,995.0,,,
7.0,0.5,,,325.5,960.3,795.7,6.2727,0.0637,2691.0
7.5,0.4,,,462.5,780.0,820.0,,,
7.5,0.4,,,416.25,796.5,846.0,,,
7.5,0.4,,,370.0,828.0,868.0,,,
7.5,0.4,,,323.75,847.0,900.0,,,
7.5,0.5,,,277.5,450.0,900.0,,,
7.5,0.65,,,317.14,685.71,1371.42,7.15575,,
7.5,0.45,,,364.45,734.46,1146.35,6.5625,,
7.5,0.4,7.15,98.2,352.0,745.0,1140.0,7.095,0.03,1137.0
7.5,0.4,7.63,97.7,352.0,745.0,1140.0,7.0275,0.045,1466.0
7.5,0.4,7.41,97.9,352.0,745.0,1140.0,6.87,0.045,1421.0
7.5,0.4,6.8,98.4,352.0,745.0,1140.0,6.6825,0.045,987.0
7.5,0.39,25.0,,344.563,492.58,1454.1,6.5205,0.09,
7.5,0.5,,100.0,370.0,400.0,800.0,6.585,0.0525,
7.5,0.4,,,538.6,559.0,830.0,,,
7.5,0.45,,,364.45,734.46,1146.35,,,
7.5,0.3,,,693.75,590.0,1000.0,6.525,0.1875,
7.5,0.39,,100.0,344.563,492.58,1454.1,6.5205,0.1875,
7.5,0.4,25.0,,353.81,482.46,1394.06,0.0,,
8.0,0.4,7.0,99.0,360.0,682.0,1111.0,6.976,0.044,
9.0,0.33,,,356.0,786.0,1062.0,7.875,,1260.0
10.0,0.35,15.21,96.5,540.0,477.0,1113.0,8.943,0.11,
10.0,0.36,,,260.0,249.0,759.0,,,
10.0,0.35,,,260.0,234.0,708.0,,,
10.0,0.4,,,450.0,780.0,820.0,,,
10.0,0.4,,,405.0,796.5,846.0,,,
10.0,0.4,,,360.0,828.0,868.0,,,
10.0,0.4,,,315.0,847.0,900.0,,,
10.0,0.31,,,514.0,591.0,1050.0,,,
10.0,0.3,,,514.0,592.0,1052.0,,,
10.0,0.5,,,270.0,600.0,1200.0,,,
10.0,0.56,0.0,,375.0,625.0,1202.0,,,
10.0,0.62,5.0,,337.5,625.0,1202.0,,,
10.0,0.62,5.0,,337.5,625.0,1202.0,,,
10.0,0.62,5.0,,337.5,625.0,1202.0,,,
10.0,0.62,5.0,,337.5,625.0,1202.0,,,
10.0,0.62,25.0,,337.5,625.0,1202.0,,,
10.0,0.62,25.0,,337.5,625.0,1202.0,,,
10.0,0.62,25.0,,337.5,625.0,1202.0,,,
10.0,0.62,25.0,,337.5,625.0,1202.0,,,
10.0,0.4,,,351.0,713.0,1079.0,,,
10.0,0.23,12.0,,783.0,344.0,933.0,9.1,,
10.0,0.35,12.0,,514.0,608.0,933.0,9.1,,
10.0,0.47,12.0,,383.0,737.0,933.0,9.1,,
10.0,0.45,,,369.0,620.0,1200.0,8.714,0.112,
10.0,0.45,,92.0,378.0,815.0,995.0,8.961,0.091,1867.0
10.0,0.4,7.0,99.0,350.0,676.0,1101.0,8.72,0.055,
10.0,0.31,7.0,99.0,398.0,666.0,1087.0,8.72,0.055,
10.0,0.4,7.0,99.0,350.0,676.0,1101.0,8.72,0.055,
10.0,0.5,7.0,99.0,304.0,675.0,1102.0,8.72,0.055,
10.0,0.4,7.0,99.0,345.0,667.0,1086.0,8.72,0.055,
10.0,0.4,7.0,99.0,350.0,677.0,1102.0,8.72,0.055,
10.0,0.53,,,360.0,600.0,1200.0,9.295,0.053,653.0
10.0,0.38,,,450.0,745.0,945.0,8.987,0.049,
10.0,0.36,,,342.0,868.0,995.0,8.987,0.049,
10.0,0.36,,,380.0,852.0,960.0,8.987,0.049,
10.0,0.6,9.0,97.0,315.0,870.0,881.0,9.325,,
10.0,0.5,,,323.0,726.0,1055.0,9.0,0.045,
10.0,0.65,,,255.0,791.0,1043.0,9.0,0.045,
10.0,0.43,7.0,96.0,378.0,542.0,1108.0,8.72,0.055,523.0
10.0,0.35,7.0,96.0,420.0,535.61,1113.0,8.72,0.055,569.0
10.0,0.43,7.0,96.0,378.0,542.0,1108.0,8.72,0.055,556.0
10.0,0.35,7.0,96.0,420.0,535.61,1113.0,8.72,0.055,679.0
10.0,0.4,,85.0,415.12,582.0,1204.0,8.2,0.26,
10.0,0.5,,85.0,332.1,608.13,1253.45,8.2,0.26,
10.0,0.6,,85.0,276.7,623.79,1287.9,8.2,0.26,
10.0,0.5,,,351.0,569.0,1164.0,9.04,,1285.0
10.0,0.4,95.0,42.0,405.0,492.0,1148.0,8.786,0.13,
10.0,0.4,5.0,97.0,405.0,492.0,1148.0,8.786,0.13,
10.0,0.3,,100.0,495.0,490.0,1200.0,8.947,0.269,
10.0,0.33,,100.0,450.0,510.0,1240.0,8.947,0.269,
10.0,0.36,,100.0,405.0,530.0,1280.0,8.947,0.269,
10.0,0.44,,100.0,315.0,560.0,1345.0,8.947,0.269,
10.0,0.43,28.0,72.0,35.0,895.0,571.0,,,435.0
10.0,0.53,3.8,99.0,38.0,575.0,1150.0,8.732,0.048,1507.0
10.0,0.5,,,270.0,450.0,900.0,,,
10.0,0.34,25.83,,60.5,690.0,915.0,9.67,0.049,1052.0
10.0,0.3,25.83,,68.0,655.0,865.0,9.67,0.049,961.0
10.0,0.35,,,540.0,477.0,1113.0,7.524,0.242,
10.0,0.55,,,313.52,572.74,1189.5,7.984,0.055,
10.0,0.53,3.8,,345.0,575.0,1150.0,8.732,0.048,1900.0
10.0,0.65,,,308.57,685.71,1371.42,9.541,,
10.0,0.45,42.0,48.0,240.3,486.0,1537.0,9.541,0.0,
10.0,0.5,42.0,48.0,240.3,486.0,1537.0,9.541,0.0,
10.0,0.55,42.0,48.0,240.3,486.0,1537.0,9.541,0.0,
10.0,0.5,,,360.0,800.0,1600.0,,,
10.0,0.4,,100.0,351.0,713.0,1079.0,,,
10.0,0.3,42.0,48.0,477.0,458.0,1302.0,9.541,,
10.0,0.35,42.0,48.0,477.0,458.0,1302.0,9.541,,
10.0,0.4,42.0,48.0,382.5,446.0,1419.0,9.541,,
10.0,0.45,42.0,48.0,382.5,446.0,1419.0,9.541,,
10.0,0.5,42.0,48.0,382.5,446.0,1419.0,9.541,,
10.0,0.55,42.0,48.0,382.5,446.0,1419.0,9.541,,
10.0,0.5,23.397,96.14,414.0,785.0,800.0,9.21,0.0719,
10.0,0.5,20.948,95.96,414.0,785.0,800.0,8.931,0.0987,
10.0,0.5,15.804,95.77,414.0,785.0,800.0,8.43,0.0729,
10.0,0.35,,,439.0,614.0,1076.0,9.0,0.045,486.0
10.0,0.5,,,323.0,726.0,1055.0,9.0,0.045,774.0
10.0,0.65,,,255.0,791.0,1043.0,9.0,0.045,840.0
10.0,0.42,220.0,5.0,457.2,852.0,786.6,8.414,0.097,
10.0,0.48,220.0,5.0,399.6,902.0,800.0,8.414,0.097,
10.0,0.53,,,330.21,857.63,982.76,8.072,0.138,
10.0,0.3,,100.0,480.0,945.68,674.02,,,
10.0,0.35,,100.0,411.42,983.15,700.73,,,
10.0,0.4,,100.0,360.0,1011.26,720.76,,,
10.0,0.5,,,376.0,906.0,1155.0,,,
10.0,0.45,,,354.6,734.46,1146.35,8.75,,
10.0,0.55,28.54,65.0,327.6,639.0,1148.0,8.329,0.068,
10.0,0.45,,,358.8193,698.6754,745.1945,8.698,0.14,1667.33
10.0,0.45,6.0,93.0,378.0,542.0,1108.0,8.62,0.053,1822.0
10.0,0.4,7.15,98.2,342.0,740.0,1140.0,9.46,0.04,1152.0
10.0,0.4,7.63,97.7,342.0,740.0,1140.0,9.37,0.06,1032.0
10.0,0.4,7.41,97.9,342.0,740.0,1140.0,9.16,0.06,1197.0
10.0,0.4,6.8,98.4,342.0,740.0,1140.0,8.91,0.06,912.0
10.0,0.35,,,411.3,695.0,1158.0,,,721.19
10.0,0.3,,,465.6,550.0,1302.0,,,560.1
10.0,0.25,,,496.8,539.0,1325.0,,,424.57
10.0,0.55,4.85,99.0,312.0,548.0,1260.0,8.732,0.048,1659.0
10.0,0.53,4.85,99.0,345.0,575.0,1150.0,8.732,0.048,1522.0
10.0,0.55,90.0,18.0,316.0,794.0,835.0,8.891,0.044,
10.0,0.59,,,315.0,660.0,1185.0,9.018,0.264,
10.0,0.32,8.0,100.0,481.0,690.0,1050.0,8.72,0.055,
10.0,0.4,8.0,100.0,416.0,723.0,1018.0,8.72,0.055,
10.0,0.5,8.0,100.0,367.0,758.0,983.0,8.72,0.055,
10.0,0.32,8.0,100.0,481.0,690.0,1050.0,8.8,0.08,
10.0,0.4,8.0,100.0,416.0,723.0,1018.0,8.8,0.08,
10.0,0.5,8.0,100.0,367.0,758.0,983.0,8.8,0.08,
10.0,0.35,6.0,100.0,380.1,862.4,866.7,9.36,,
10.0,0.53,12.0,100.0,356.0,844.0,951.0,9.09,0.08,
10.0,0.5,25.0,,351.0,550.0,1370.6,8.818,0.06,1394.0
10.0,0.5,,,360.0,588.0,1240.0,8.632,0.251,
10.0,0.4,,,360.0,1164.0,916.0,8.75,,
10.0,0.3,15.0,99.0,403.2,699.0,1137.0,8.72,0.055,
10.0,0.39,25.0,,335.25,492.58,1454.1,8.694,0.12,
10.0,0.23,12.0,,783.0,344.0,933.0,9.1,,
10.0,0.35,12.0,,514.0,608.0,933.0,9.1,,
10.0,0.47,12.0,,383.0,737.0,933.0,9.1,,
10.0,0.5,,100.0,360.0,400.0,800.0,8.78,0.07,
10.0,0.35,23.0,100.0,585.0,961.0,828.0,,,
10.0,0.45,23.0,100.0,585.0,961.0,828.0,,,
10.0,0.4,,,526.1,559.0,830.0,,,
10.0,0.4,,,425.0,446.0,1489.0,,,
10.0,0.45,,,425.0,446.0,1489.0,,,
10.0,0.5,,,425.0,446.0,1489.0,,,
10.0,0.55,,,425.0,446.0,1489.0,,,
10.0,0.3,12.0,,480.0,1047.0,660.0,,,
10.0,0.45,25.0,,360.0,800.0,1600.0,,,
10.0,0.5,25.0,,360.0,800.0,1600.0,,,
10.0,0.6,25.0,,360.0,800.0,1600.0,,,
10.0,0.45,,,378.0,815.0,995.0,,,
10.0,0.45,,,354.6,734.46,1146.35,,,
10.0,0.5,6.57,,342.0,755.0,685.0,8.25,0.062,845.0
10.0,0.342,,,450.0,925.0,830.0,7.44,0.39,
10.0,0.29,,,500.0,832.0,830.0,7.44,0.39,
10.0,0.43,,100.0,480.0,810.0,670.0,9.35,0.111,
10.0,0.5,,,315.0,960.3,795.7,8.961,0.091,1652.0
10.0,0.413,,,405.0,635.0,1151.0,8.61,0.18,1662.0
10.0,0.3,5.69,100.0,504.0,725.0,1000.0,8.29,0.229,327.67
10.0,0.52,17.0,,360.0,720.0,1476.0,8.549,0.368,734.0
10.0,0.49,9.52,100.0,378.0,950.0,805.0,9.0,,
10.0,0.3,,,675.0,590.0,1000.0,8.7,0.25,
10.0,0.45,,,427.5,607.25,1127.75,,,
10.0,0.56,,,396.0,580.0,1115.0,7.644,0.353,
10.0,0.54,5.21,100.0,315.0,680.0,1040.0,8.673,,387.347
10.0,0.46,20.0,97.0,585.0,780.0,975.0,7.6,0.55,967.0
10.0,0.45,,100.0,428.4,595.0,1299.48,8.694,0.25,
10.0,0.39,,100.0,335.25,492.58,1454.1,8.694,0.25,
10.0,0.38,,,374.4,1070.0,775.0,8.807,0.104,
10.0,0.44,,,346.5,1070.0,775.0,8.807,0.104,
10.0,0.5,,,324.0,1070.0,775.0,8.807,0.104,
10.0,0.56,,,301.5,1070.0,775.0,8.807,0.104,
10.0,0.62,,,282.6,1070.0,775.0,8.807,0.104,
10.0,0.68,,,265.5,1070.0,775.0,8.807,0.104,
10.0,0.5,,,324.0,1070.0,775.0,8.807,0.104,
10.0,0.42,12.34,96.6,441.0,651.7,1112.3,9.299,0.103,
10.0,0.4,25.0,,344.25,482.46,1394.06,,,
10.0,0.3,,100.0,495.0,490.0,1200.0,,,480.0
10.0,0.33,,100.0,450.0,510.0,1240.0,,,634.0
10.0,0.36,,100.0,405.0,530.0,1280.0,,,732.0
10.0,0.44,,100.0,315.0,560.0,1345.0,,,898.0
12.0,0.31,,,356.0,786.0,1044.0,10.5,,870.0
12.5,0.65,,,291.43,685.71,1371.42,11.92625,,
12.5,0.4,7.15,98.2,333.0,735.0,1140.0,11.825,0.05,1241.0
12.5,0.4,7.63,97.7,333.0,735.0,1140.0,11.7125,0.075,733.0
12.5,0.4,7.41,97.9,333.0,735.0,1140.0,11.45,0.075,658.0
12.5,0.4,6.8,98.4,333.0,735.0,1140.0,11.1375,0.075,643.0
12.5,0.39,25.0,,3325.938,492.58,1454.1,10.8675,0.15,
12.5,0.39,,100.0,325.938,492.58,1454.1,10.8675,0.3125,
12.5,0.4,25.0,,334.68,482.46,1394.06,,,
15.0,0.35,15.21,96.5,510.0,477.0,1113.0,13.4145,0.165,
15.0,0.36,,,255.0,249.0,759.0,,,
15.0,0.35,,,255.0,234.0,708.0,,,
15.0,0.4,,,331.5,713.0,1079.0,,,
15.0,0.45,,,348.5,620.0,1200.0,13.071,0.168,
15.0,0.45,,92.0,357.0,815.0,995.0,13.4415,0.1365,984.0
15.0,0.4,7.0,99.0,335.0,681.0,1108.0,13.08,0.0825,
15.0,0.53,,,340.0,600.0,1200.0,13.9425,0.0795,309.0
15.0,0.38,,,425.0,745.0,945.0,13.4805,0.0735,
15.0,0.36,,,323.0,868.0,995.0,13.4805,0.0735,
15.0,0.36,,,380.0,839.0,947.0,13.4805,0.0735,
15.0,0.43,7.0,96.0,357.0,503.0,1108.0,13.08,0.0825,377.0
15.0,0.35,7.0,96.0,391.0,483.21,1113.0,13.08,0.0825,448.0
15.0,0.43,7.0,96.0,357.0,503.0,1108.0,13.08,0.0825,402.93
15.0,0.35,7.0,96.0,391.0,483.21,1113.0,13.08,0.0825,577.0
15.0,0.4,,85.0,392.06,582.0,1204.0,12.3,0.39,
15.0,0.5,,85.0,313.75,608.13,1253.45,12.3,0.39,
15.0,0.6,,85.0,261.37,623.79,1287.9,12.3,0.39,
15.0,,,,,,,13.65,0.297,
15.0,0.5,,,331.5,569.0,1164.0,13.56,,1478.0
15.0,0.4,95.0,42.0,383.0,492.0,1148.0,13.179,0.195,
15.0,0.4,5.0,97.0,383.0,492.0,1148.0,13.179,0.195,
15.0,0.3,,100.0,467.0,490.0,1200.0,13.4205,0.4035,
15.0,0.33,,100.0,425.0,510.0,1240.0,13.4205,0.4035,
15.0,0.36,,100.0,382.0,530.0,1280.0,13.4205,0.4035,
15.0,0.44,,100.0,297.0,560.0,1345.0,13.4205,0.4035,
15.0,0.43,28.0,72.0,53.0,897.0,572.0,,,322.0
15.0,0.53,3.8,99.0,57.0,575.0,1150.0,13.098,0.072,1249.0
15.0,0.35,,,510.0,477.0,1113.0,11.286,0.363,
15.0,0.55,,,296.11,572.74,1189.5,11.976,0.0825,
15.0,0.53,3.8,,326.0,575.0,1150.0,13.098,0.072,1600.0
15.0,0.65,,,291.43,685.71,1371.42,14.3115,,
15.0,0.5,42.0,48.0,226.8,486.0,1537.0,14.3115,0.0,
15.0,0.55,42.0,48.0,226.8,486.0,1537.0,14.3115,0.0,
15.0,0.5,,,340.0,800.0,1600.0,,,
15.0,0.4,,100.0,331.5,713.0,1079.0,,,
15.0,0.3,42.0,48.0,450.5,458.0,1302.0,14.3115,,
15.0,0.35,42.0,48.0,450.5,458.0,1302.0,14.3115,,
15.0,0.45,42.0,48.0,361.25,446.0,1419.0,14.3115,,
15.0,0.5,42.0,48.0,361.25,446.0,1419.0,14.3115,,
15.0,0.55,42.0,48.0,361.25,446.0,1419.0,14.3115,,
15.0,0.5,23.397,96.14,391.0,785.0,800.0,13.815,0.10785,
15.0,0.5,20.948,95.96,391.0,785.0,800.0,13.3965,0.14805,
15.0,0.5,15.804,95.77,391.0,785.0,800.0,12.645,0.10935,
15.0,0.42,220.0,5.0,431.8,852.0,786.6,12.621,0.1455,
15.0,0.48,220.0,5.0,377.4,902.0,800.0,12.621,0.1455,
15.0,0.53,,,307.87,846.62,970.15,12.108,0.207,
15.0,0.3,,100.0,453.34,945.68,674.02,,,
15.0,0.35,,100.0,388.57,983.15,700.73,,,
15.0,0.4,,100.0,340.0,1011.26,720.76,,,
15.0,0.5,,,355.0,906.0,1155.0,,,
15.0,0.45,,,334.9,734.46,1146.35,13.125,,
15.0,0.55,28.54,65.0,309.4,639.0,1148.0,12.4935,0.102,
15.0,0.45,,,339.8561,698.6754,745.1945,13.047,0.21,1165.67
15.0,0.45,6.0,93.0,357.0,503.0,1108.0,12.93,0.0795,1633.0
15.0,0.35,,,388.45,695.0,1158.0,,,604.73
15.0,0.3,,,439.9,550.0,1302.0,,,745.7
15.0,0.25,,,469.2,539.0,1325.0,,,307.12
15.0,0.55,4.85,99.0,295.0,548.0,1260.0,13.098,0.072,1577.0
15.0,0.53,4.85,99.0,326.0,575.0,1150.0,13.098,0.072,1241.0
15.0,0.25,13.0,100.0,495.0,690.0,1050.0,12.864,0.111,
15.0,0.25,13.0,100.0,468.0,685.0,1050.0,12.864,0.111,
15.0,0.55,90.0,18.0,298.0,790.0,830.0,13.3365,0.066,
15.0,0.3,6.0,100.0,418.8,825.8,829.9,14.04,,
15.0,0.35,6.0,100.0,359.0,857.8,862.0,14.04,,
15.0,0.4,6.0,100.0,314.1,881.7,886.0,14.04,,
15.0,0.53,12.0,100.0,337.0,844.0,951.0,13.635,0.12,
15.0,0.45,63.8,,316.5333333,506.6666667,1136.266667,,,
15.0,0.5,63.8,,284.5333333,532.5333333,1142.133333,,,
15.0,0.6,63.8,,237.0666667,580.2666667,1138.133333,,,
15.0,0.5,25.0,,331.5,550.0,1294.6,13.227,0.09,1211.0
15.0,0.5,,,340.0,588.0,1240.0,12.948,0.3765,
15.0,0.4,,,340.0,1164.0,916.0,13.125,,
15.0,0.39,25.0,,316.625,492.58,1454.1,13.041,0.18,
15.0,0.5,,100.0,340.0,400.0,800.0,13.17,0.105,
15.0,0.45,,,425.0,446.0,1489.0,,,
15.0,0.5,,,425.0,446.0,1489.0,,,
15.0,0.55,,,425.0,446.0,1489.0,,,
15.0,0.45,,,357.0,815.0,995.0,,,
15.0,0.45,,,334.9,734.46,1146.35,,,
15.0,0.5,6.57,,323.0,755.0,685.0,12.375,0.093,588.0
15.0,0.342,,,425.0,925.0,830.0,11.16,0.585,
15.0,0.268,,,500.0,786.0,830.0,11.16,0.585,
15.0,0.5,,,297.5,960.3,795.7,13.4415,0.1365,1133.0
15.0,0.3,5.69,100.0,476.0,725.0,1000.0,12.435,0.3435,393.2
15.0,0.45,,,403.75,607.25,1127.75,,,
15.0,0.56,,,374.0,580.0,1115.0,11.466,0.5295,
15.0,0.54,5.21,100.0,297.5,680.0,1040.0,13.0095,,254.381
15.0,0.46,20.0,97.0,552.5,780.0,975.0,11.4,0.825,691.0
15.0,0.39,,100.0,316.625,492.58,1454.1,13.041,0.375,
15.0,0.5,,,306.0,1070.0,775.0,13.2105,0.156,
15.0,0.4,25.0,,325.13,482.46,1394.06,,,
15.0,0.3,,100.0,467.5,490.0,1200.0,,,
15.0,0.33,,100.0,425.0,510.0,1240.0,,,
15.0,0.36,,100.0,382.5,530.0,1280.0,,,
15.0,0.44,,100.0,297.5,560.0,1345.0,,,
17.0,0.3,,,356.0,786.0,1026.0,14.875,,390.0
20.0,0.35,15.21,96.5,480.0,477.0,1113.0,17.886,0.22,
20.0,0.33,,,457.0,585.0,1040.0,,,
20.0,0.32,,,457.0,585.0,1041.0,,,
20.0,0.6,,,240.0,600.0,1200.0,,,
20.0,0.4,,,312.0,713.0,1079.0,,,
20.0,0.35,12.0,,457.0,582.0,933.0,18.2,,
20.0,0.3,12.0,70.0,427.0,1029.0,660.0,18.2,0.196,
20.0,0.3,11.0,70.0,427.0,1030.0,660.0,18.4,0.162,
20.0,0.3,11.0,70.0,427.0,1037.0,660.0,18.4,0.21,
20.0,0.45,,,328.0,620.0,1200.0,17.428,0.224,
20.0,0.68,7.5,78.13,260.0,894.0,930.0,19.34,0.098,
20.0,0.63,7.5,78.13,260.0,900.0,940.0,19.34,0.098,
20.0,0.53,,,320.0,600.0,1200.0,18.59,0.106,26.0
20.0,0.38,,,400.0,745.0,945.0,17.974,0.098,
20.0,0.36,,,304.0,868.0,995.0,17.974,0.098,
20.0,0.36,,,380.0,827.0,933.0,17.974,0.098,
20.0,0.6,9.0,97.0,280.0,865.0,875.0,18.65,,
20.0,0.35,,,390.0,596.0,1076.0,18.0,0.09,
20.0,0.5,,,287.0,713.0,1055.0,18.0,0.09,
20.0,0.65,,,227.0,781.0,1043.0,18.0,0.09,
20.0,0.43,7.0,96.0,336.0,464.0,1108.0,17.44,0.11,282.0
20.0,0.35,7.0,96.0,366.0,433.72,1113.0,17.44,0.11,338.0
20.0,0.43,7.0,96.0,336.0,464.0,1108.0,17.44,0.11,329.67
20.0,0.35,7.0,96.0,366.0,433.72,1113.0,17.44,0.11,430.0
20.0,0.5,,,312.0,569.0,1164.0,18.08,,1867.0
20.0,0.4,95.0,42.0,360.0,492.0,1148.0,17.572,0.26,
20.0,0.4,5.0,97.0,360.0,492.0,1148.0,17.572,0.26,
20.0,0.3,,100.0,445.0,490.0,1200.0,17.894,0.538,
20.0,0.33,,100.0,400.0,510.0,1240.0,17.894,0.538,
20.0,0.36,,100.0,360.0,530.0,1280.0,17.894,0.538,
20.0,0.44,,100.0,280.0,560.0,1345.0,17.894,0.538,
20.0,0.43,28.0,72.0,72.0,899.0,574.0,,,260.0
20.0,0.53,3.8,99.0,77.0,575.0,1150.0,17.464,0.096,990.0
20.0,0.34,25.83,,121.0,690.0,915.0,19.34,0.098,555.0
20.0,0.3,25.83,,136.0,655.0,865.0,19.34,0.098,613.0
20.0,0.35,,,480.0,477.0,1113.0,15.048,0.484,
20.0,0.55,,,278.7,572.74,1189.5,15.968,0.11,
20.0,0.53,3.8,,306.0,575.0,1150.0,17.464,0.096,1300.0
20.0,0.5,42.0,48.0,213.6,486.0,1537.0,19.082,0.0,
20.0,0.55,42.0,48.0,213.6,486.0,1537.0,19.082,0.0,
20.0,0.5,,,320.0,800.0,1600.0,,,
20.0,0.4,,,312.0,713.0,1079.0,,,
20.0,0.3,42.0,48.0,424.0,458.0,1302.0,19.082,,
20.0,0.35,42.0,48.0,424.0,458.0,1302.0,19.082,,
20.0,0.5,42.0,48.0,340.0,446.0,1419.0,19.082,,
20.0,0.55,42.0,48.0,340.0,446.0,1419.0,19.082,,
20.0,0.5,23.397,96.14,368.0,785.0,800.0,18.42,0.1438,
20.0,0.5,20.948,95.96,368.0,785.0,800.0,17.862,0.1974,
20.0,0.5,15.804,95.77,368.0,785.0,800.0,16.86,0.1458,
20.0,0.35,,,390.0,596.0,1076.0,18.0,0.09,309.0
20.0,0.5,,,287.0,713.0,1055.0,18.0,0.09,420.0
20.0,0.65,,,227.0,781.0,1043.0,18.0,0.09,685.0
20.0,0.42,220.0,5.0,406.4,852.0,786.6,16.828,0.194,
20.0,0.48,220.0,5.0,355.2,902.0,800.0,16.828,0.194,
20.0,0.53,,,286.08,835.89,957.85,16.144,0.276,
20.0,0.3,,100.0,426.67,945.68,674.02,,,
20.0,0.35,,100.0,365.71,983.15,700.73,,,
20.0,0.4,,100.0,320.0,1011.26,720.76,,,
20.0,0.55,28.54,65.0,291.2,639.0,1148.0,16.658,0.136,
20.0,0.55,4.85,99.0,278.0,548.0,1260.0,17.464,0.096,1440.0
20.0,0.53,4.85,99.0,306.0,575.0,1150.0,17.464,0.096,1004.0
20.0,0.25,13.0,100.0,440.0,681.0,1050.0,17.152,0.148,
20.0,0.55,90.0,18.0,281.0,785.0,825.0,17.782,0.088,
20.0,0.59,,,280.0,660.0,1185.0,18.036,0.528,
20.0,0.32,8.0,100.0,427.0,690.0,1050.0,17.44,0.11,
20.0,0.4,8.0,100.0,370.0,723.0,1018.0,17.44,0.11,
20.0,0.5,8.0,100.0,327.0,758.0,983.0,17.44,0.11,
20.0,0.32,8.0,100.0,427.0,690.0,1050.0,17.6,0.16,
20.0,0.4,8.0,100.0,370.0,723.0,1018.0,17.6,0.16,
20.0,0.5,8.0,,327.0,758.0,983.0,17.6,0.16,
20.0,0.3,6.0,100.0,394.2,820.3,824.4,18.72,,
20.0,0.35,6.0,100.0,337.8,853.1,857.3,18.72,,
20.0,0.4,6.0,100.0,295.6,877.6,881.9,18.72,,
20.0,0.53,12.0,100.0,317.0,844.0,951.0,18.18,0.16,
20.0,0.5,25.0,,312.0,550.0,1294.6,17.636,0.12,1093.0
20.0,0.5,,,320.0,588.0,1240.0,17.264,0.502,
20.0,0.4,,,320.0,1164.0,916.0,17.5,,
20.0,0.46,20.0,95.0,520.0,780.0,975.0,15.2,1.1,340.0
20.0,0.35,12.0,,487.0,582.0,933.0,18.2,,
20.0,0.35,23.0,100.0,520.0,961.0,828.0,,,
20.0,0.45,23.0,100.0,520.0,961.0,828.0,,,
20.0,0.5,,,425.0,446.0,1489.0,,,
20.0,0.55,,,425.0,446.0,1489.0,,,
20.0,0.3,12.0,,427.0,1019.0,660.0,,,
20.0,0.5,6.57,,304.0,755.0,685.0,16.5,0.124,503.0
20.0,0.342,,,400.0,925.0,830.0,14.88,0.78,
20.0,0.25,,,500.0,740.0,830.0,14.88,0.78,
20.0,0.43,,100.0,480.0,720.0,670.0,18.7,0.222,
20.0,0.3,5.69,100.0,448.0,725.0,1000.0,16.58,0.458,567.44
20.0,0.49,9.52,100.0,336.0,950.0,805.0,18.0,,
20.0,0.45,,,380.0,607.25,1127.75,,,
20.0,0.56,,,352.0,580.0,1115.0,15.288,0.706,
20.0,0.54,5.21,100.0,280.0,680.0,1040.0,17.346,,317.862
20.0,0.46,20.0,97.0,520.0,780.0,975.0,15.2,1.1,230.0
20.0,0.45,,100.0,380.8,595.0,1299.48,17.388,0.5,
20.0,0.5,,,288.0,1070.0,775.0,17.614,0.208,
20.0,0.3,,100.0,440.0,490.0,1200.0,,,142.0
20.0,0.33,,100.0,400.0,510.0,1240.0,,,246.0
20.0,0.36,,100.0,360.0,530.0,1280.0,,,338.0
20.0,0.44,,100.0,280.0,560.0,1345.0,,,566.0
25.0,0.45,,,307.5,620.0,1200.0,21.785,0.28,
25.0,0.53,,,300.0,600.0,1200.0,23.2375,0.1325,213.0
25.0,,,,,,,22.75,0.495,
25.0,0.53,3.8,99.0,96.0,575.0,1150.0,21.83,0.12,847.0
25.0,0.53,3.8,,287.0,575.0,1150.0,21.83,0.12,950.0
25.0,0.55,42.0,48.0,200.25,486.0,1537.0,23.8525,,
25.0,0.5,,,300.0,800.0,1600.0,,,
25.0,0.55,42.0,48.0,318.75,446.0,1419.0,23.8525,,
25.0,0.53,,,264.85,825.43,945.83,20.18,0.345,
25.0,0.55,4.85,99.0,260.0,548.0,1260.0,21.83,0.12,1371.0
25.0,0.53,4.85,99.0,287.0,575.0,1150.0,21.83,0.12,857.0
25.0,0.35,6.0,100.0,316.7,848.4,852.6,23.4,,
25.0,0.53,12.0,100.0,297.0,844.0,951.0,22.725,0.2,
25.0,0.5,,,300.0,588.0,1240.0,21.58,0.6275,
25.0,0.4,,,300.0,1164.0,916.0,21.875,,
25.0,0.55,,,425.0,446.0,1489.0,,,
25.0,0.5,6.57,,285.0,755.0,685.0,20.625,0.155,450.0
25.0,0.342,,,375.0,925.0,830.0,18.6,0.975,
25.0,0.3,5.69,100.0,420.0,725.0,1000.0,20.725,0.5725,1023.58
29.0,0.22,34.62,,600.0,700.0,675.0,26.5205,0.2871,
30.0,0.36,,,400.0,578.0,1027.0,,,
30.0,0.34,,,400.0,579.0,1029.0,,,
30.0,0.35,12.0,,400.0,557.0,933.0,27.3,,
30.0,0.91,60.0,,126.0,978.0,1059.0,21.21,0.84,
30.0,0.68,60.0,,156.0,873.0,1112.0,21.21,0.84,
30.0,0.63,60.0,,172.0,842.0,1115.0,21.21,0.84,
30.0,0.6,60.0,,185.0,812.0,1122.0,21.21,0.84,
30.0,0.45,,,287.0,620.0,1200.0,26.142,0.336,
30.0,0.7,7.5,78.13,228.0,890.0,927.0,29.01,0.147,
30.0,0.63,7.5,78.13,228.0,900.0,940.0,29.01,0.147,
30.0,0.53,,,280.0,600.0,1200.0,27.885,0.159,273.0
30.0,0.35,,,342.0,579.0,1076.0,27.0,0.135,
30.0,0.5,,,251.0,700.0,1055.0,27.0,0.135,
30.0,0.65,,,199.0,771.0,1043.0,27.0,0.135,
30.0,0.3,,100.0,385.0,490.0,1200.0,26.841,0.807,
30.0,0.33,,100.0,350.0,510.0,1240.0,26.841,0.807,
30.0,0.36,,100.0,315.0,530.0,1280.0,26.841,0.807,
30.0,0.53,3.8,99.0,115.0,575.0,1150.0,26.196,0.144,775.0
30.0,0.34,25.83,,181.5,690.0,915.0,29.01,0.147,525.0
30.0,0.3,25.83,,204.0,655.0,865.0,29.01,0.147,547.0
30.0,0.53,3.8,,268.0,575.0,1150.0,26.196,0.144,650.0
30.0,0.5,,,280.0,800.0,1600.0,,,
30.0,0.5,23.397,96.14,322.0,785.0,800.0,27.63,0.2157,
30.0,0.5,20.948,95.96,322.0,785.0,800.0,26.793,0.2961,
30.0,0.5,15.804,95.77,322.0,785.0,800.0,25.29,0.2187,
30.0,0.35,,,342.0,579.0,1076.0,27.0,0.135,265.0
30.0,0.5,,,251.0,700.0,1055.0,27.0,0.135,376.0
30.0,0.65,,,199.0,771.0,1043.0,27.0,0.135,530.0
30.0,0.55,4.85,99.0,243.0,548.0,1260.0,26.196,0.144,1290.0
30.0,0.53,4.85,99.0,268.0,575.0,1150.0,26.196,0.144,768.0
30.0,0.59,,,245.0,660.0,1185.0,27.054,0.792,
30.0,0.35,6.0,100.0,295.6,843.7,847.9,28.08,,
30.0,0.53,12.0,100.0,277.0,844.0,951.0,27.27,0.24,
30.0,0.46,20.0,95.0,455.0,780.0,975.0,22.8,1.65,321.0
30.0,0.35,12.0,,400.0,557.0,933.0,27.3,,
30.0,0.83,75.0,50.0,132.0,710.0,1160.0,24.639,0.048,
30.0,0.72,75.0,50.0,147.0,660.0,1178.0,24.639,0.048,
30.0,0.64,75.0,50.0,158.0,635.0,1180.0,24.639,0.048,
30.0,0.57,75.0,50.0,185.0,580.0,1170.0,24.639,0.048,
30.0,0.5,6.57,,266.0,755.0,685.0,24.75,0.186,1001.0
30.0,0.43,,100.0,480.0,630.0,670.0,28.05,0.333,
30.0,0.3,5.69,100.0,392.0,725.0,1000.0,24.87,0.687,2088.63
30.0,0.49,9.52,100.0,294.0,950.0,805.0,27.0,,
30.0,0.46,20.0,97.0,455.0,780.0,975.0,22.8,1.65,184.0
30.0,0.45,,100.0,333.2,595.0,1299.48,26.082,0.75,
30.0,0.3,,100.0,385.0,490.0,1200.0,,,166.0
30.0,0.33,,100.0,350.0,510.0,1240.0,,,228.0
30.0,0.36,,100.0,315.0,530.0,1280.0,,,246.0
35.0,0.45,,,266.5,620.0,1200.0,30.499,0.392,
35.0,0.53,3.8,99.0,134.0,575.0,1150.0,30.562,0.168,976.0
35.0,0.53,3.8,,249.0,575.0,1150.0,30.562,0.168,1100.0
35.0,0.53,4.85,99.0,249.0,575.0,1150.0,30.562,0.168,975.0
40.0,0.94,60.0,,108.0,978.0,1059.0,28.28,1.12,
40.0,0.71,60.0,,134.0,873.0,1112.0,28.28,1.12,
40.0,0.68,60.0,,148.0,842.0,1115.0,28.28,1.12,
40.0,0.62,60.0,,159.0,812.0,1122.0,28.28,1.12,
40.0,0.34,25.83,,242.0,690.0,915.0,38.68,0.196,354.0
40.0,0.3,25.83,,272.0,655.0,865.0,38.68,0.196,334.0
40.0,0.5,23.397,96.14,276.0,785.0,800.0,36.84,0.2876,
40.0,0.5,20.948,95.96,276.0,785.0,800.0,35.724,0.3948,
40.0,0.5,15.804,95.77,276.0,785.0,800.0,33.72,0.2916,
40.0,0.46,20.0,95.0,390.0,780.0,975.0,30.4,2.2,302.0
40.0,0.85,75.0,50.0,96.0,710.0,1160.0,32.852,0.064,
40.0,0.75,75.0,50.0,107.0,660.0,1178.0,32.852,0.064,
40.0,0.65,75.0,50.0,108.0,635.0,1180.0,32.852,0.064,
40.0,0.61,75.0,50.0,152.0,580.0,1170.0,32.852,0.064,
40.0,0.19,34.62,,500.0,792.0,810.0,36.58,0.396,
40.0,0.49,9.52,100.0,252.0,950.0,805.0,36.0,,
40.0,0.46,20.0,97.0,390.0,780.0,975.0,30.4,2.2,
50.0,0.96,60.0,,90.0,978.0,1059.0,35.35,1.4,
50.0,0.74,60.0,,111.0,873.0,1112.0,35.35,1.4,
50.0,0.71,60.0,,123.0,842.0,1115.0,35.35,1.4,
50.0,0.64,60.0,,132.0,812.0,1122.0,35.35,1.4,
50.0,0.34,25.83,,302.5,690.0,915.0,48.35,0.245,139.0
50.0,0.3,25.83,,340.0,655.0,865.0,48.35,0.245,202.0
50.0,0.5,23.397,96.14,230.0,785.0,800.0,46.05,0.3595,
50.0,0.5,20.948,95.96,230.0,785.0,800.0,44.655,0.4935,
50.0,0.5,15.804,95.77,230.0,785.0,800.0,42.15,0.3645,
60.0,0.5,23.397,96.14,184.0,785.0,800.0,55.26,0.4314,
60.0,0.5,20.948,95.96,184.0,785.0,800.0,53.586,0.5922,
60.0,0.5,15.804,95.77,184.0,785.0,800.0,50.58,0.4374,
70.0,0.5,15.804,95.77,138.0,785.0,800.0,59.01,0.5103,
80.0,0.5,15.804,95.77,92.0,785.0,800.0,67.44,0.5832,
,,,,,,,,,
,,,,,,,,,
,,,,,,,,,
,,,,,,,,,
,,,,,,,,,
,,,,,,,,,
,,,,,,,,,
,,,,,,,,,
,,,,,,,,,
,,,,,,,,,
,,,,,,,,,
,,,,,,,,,
,,,,,,,,,
,,,,,,,,,
,,,,,,,,,
,,,,,,,,,
,,,,,,,,,
,,,,,,,,,
,,,,,,,,,
,,,,,,,,,
,,,,,,,,,
,,,,,,,,,
,,,,,,,,,
,,,,,,,,,
,,,,,,,,,
,,,,,,,,,
,,,,,,,,,
,,,,,,,,,
,,,,,,,,,
,,,,,,,,,
,,,,,,,,,
,,,,,,,,,
,,,,,,,,,
,,,,,,,,,
,,,,,,,,,
,,,,,,,,,
,,,,,,,,,
,,,,,,,,,
,,,,,,,,,
,,,,,,,,,
,,,,,,,,,
,,,,,,,,,
,,,,,,,,,
,,,,,,,,,
,,,,,,,,,
,,,,,,,,,
,,,,,,,,,
,,,,,,,,,
,,,,,,,,,
,,,,,,,,,
,,,,,,,,,
,,,,,,,,,
,,,,,,,,,
,,,,,,,,,
,,,,,,,,,
,,,,,,,,,
,,,,,,,,,
,,,,,,,,,
,,,,,,,,,
,,,,,,,,,
,,,,,,,,,
,,,,,,,,,
,,,,,,,,,
,,,,,,,,,
,,,,,,,,,
,,,,,,,,,
,,,,,,,,,
,,,,,,,,,
,,,,,,,,,
,,,,,,,,,
,,,,,,,,,
,,,,,,,,,
,,,,,,,,,
,,,,,,,,,
,,,,,,,,,
,,,,,,,,,
,,,,,,,,,
,,,,,,,,,
,,,,,,,,,
,,,,,,,,,
,,,,,,,,,
,,,,,,,,,
,,,,,,,,,
,,,,,,,,,
,,,,,,,,,
,,,,,,,,,
,,,,,,,,,
,,,,,,,,,
,,,,,,,,,
,,,,,,,,,
,,,,,,,,,
,,,,,,,,,
,,,,,,,,,
,,,,,,,,,
,,,,,,,,,
,,,,,,,,,
,,,,,,,,,
,,,,,,,,,
,,,,,,,,,
,,,,,,,,,
,,,,,,,,,
,,,,,,,,,
,,,,,,,,,
,,,,,,,,,
,,,,,,,,,
,,,,,,,,,
,,,,,,,,,
,,,,,,,,,
,,,,,,,,,
,,,,,,,,,
,,,,,,,,,
,,,,,,,,,
,,,,,,,,,
,,,,,,,,,
,,,,,,,,,
,,,,,,,,,
,,,,,,,,,
,,,,,,,,,
,,,,,,,,,
,,,,,,,,,
,,,,,,,,,
,,,,,,,,,
,,,,,,,,,
,,,,,,,,,
,,,,,,,,,
,,,,,,,,,
,,,,,,,,,
,,,,,,,,,
,,,,,,,,,
,,,,,,,,,
,,,,,,,,,
,,,,,,,,,
,,,,,,,,,
,,,,,,,,,
,,,,,,,,,
,,,,,,,,,
,,,,,,,,,
,,,,,,,,,
,,,,,,,,,
,,,,,,,,,
,,,,,,,,,
,,,,,,,,,
,,,,,,,,,
,,,,,,,,,
,,,,,,,,,
,,,,,,,,,
,,,,,,,,,
,,,,,,,,,
,,,,,,,,,
,,,,,,,,,
,,,,,,,,,
,,,,,,,,,
,,,,,,,,,
,,,,,,,,,
,,,,,,,,,
,,,,,,,,,
,,,,,,,,,
,,,,,,,,,
,,,,,,,,,
,,,,,,,,,
,,,,,,,,,
,,,,,,,,,
,,,,,,,,,
,,,,,,,,,
,,,,,,,,,
,,,,,,,,,
,,,,,,,,,
,,,,,,,,,
,,,,,,,,,
,,,,,,,,,
,,,,,,,,,
,,,,,,,,,
,,,,,,,,,
,,,,,,,,,
,,,,,,,,,
,,,,,,,,,
,,,,,,,,,
,,,,,,,,,
,,,,,,,,,
,,,,,,,,,
,,,,,,,,,
,,,,,,,,,
,,,,,,,,,
,,,,,,,,,
,,,,,,,,,
,,,,,,,,,
,,,,,,,,,
,,,,,,,,,
,,,,,,,,,
,,,,,,,,,
,,,,,,,,,
,,,,,,,,,
,,,,,,,,,
,,,,,,,,,
,,,,,,,,,
,,,,,,,,,
,,,,,,,,,
,,,,,,,,,
,,,,,,,,,
,,,,,,,,,
,,,,,,,,,
,,,,,,,,,
,,,,,,,,,
,,,,,,,,,
,,,,,,,,,
,,,,,,,,,
,,,,,,,,,
,,,,,,,,,
,,,,,,,,,
,,,,,,,,,
,,,,,,,,,
,,,,,,,,,
,,,,,,,,,
,,,,,,,,,
,,,,,,,,,
,,,,,,,,,
,,,,,,,,,
,,,,,,,,,
,,,,,,,,,
,,,,,,,,,
,,,,,,,,,
,,,,,,,,,
,,,,,,,,,
,,,,,,,,,
,,,,,,,,,
,,,,,,,,,
,,,,,,,,,
,,,,,,,,,
,,,,,,,,,
,,,,,,,,,
,,,,,,,,,
,,,,,,,,,
,,,,,,,,,
,,,,,,,,,
,,,,,,,,,
,,,,,,,,,
,,,,,,,,,
,,,,,,,,,
,,,,,,,,,
,,,,,,,,,
,,,,,,,,,
,,,,,,,,,
,,,,,,,,,
,,,,,,,,,
,,,,,,,,,
,,,,,,,,,
,,,,,,,,,
,,,,,,,,,
,,,,,,,,,
,,,,,,,,,
,,,,,,,,,
,,,,,,,,,
,,,,,,,,,
,,,,,,,,,
,,,,,,,,,
,,,,,,,,,
,,,,,,,,,
,,,,,,,,,
,,,,,,,,,
,,,,,,,,,
,,,,,,,,,
,,,,,,,,,
,,,,,,,,,
,,,,,,,,,
,,,,,,,,,
,,,,,,,,,
,,,,,,,,,
,,,,,,,,,
,,,,,,,,,
,,,,,,,,,
,,,,,,,,,
,,,,,,,,,
,,,,,,,,,
,,,,,,,,,
,,,,,,,,,
,,,,,,,,,
,,,,,,,,,
,,,,,,,,,
,,,,,,,,,
,,,,,,,,,
,,,,,,,,,
,,,,,,,,,
,,,,,,,,,
,,,,,,,,,
,,,,,,,,,
,,,,,,,,,
,,,,,,,,,
,,,,,,,,,
,,,,,,,,,
,,,,,,,,,
,,,,,,,,,
,,,,,,,,,
,,,,,,,,,
,,,,,,,,,
,,,,,,,,,
,,,,,,,,,
,,,,,,,,,
,,,,,,,,,
,,,,,,,,,
,,,,,,,,,
,,,,,,,,,
,,,,,,,,,
,,,,,,,,,
,,,,,,,,,
,,,,,,,,,
,,,,,,,,,
,,,,,,,,,
,,,,,,,,,
,,,,,,,,,
,,,,,,,,,
,,,,,,,,,
,,,,,,,,,
,,,,,,,,,
,,,,,,,,,
,,,,,,,,,
,,,,,,,,,
,,,,,,,,,
,,,,,,,,,
,,,,,,,,,
,,,,,,,,,
,,,,,,,,,
,,,,,,,,,
,,,,,,,,,
,,,,,,,,,
,,,,,,,,,
,,,,,,,,,
,,,,,,,,,
,,,,,,,,,
,,,,,,,,,
,,,,,,,,,
,,,,,,,,,
,,,,,,,,,
,,,,,,,,,
,,,,,,,,,
,,,,,,,,,
,,,,,,,,,
,,,,,,,,,
,,,,,,,,,
,,,,,,,,,
,,,,,,,,,
,,,,,,,,,
,,,,,,,,,
,,,,,,,,,
,,,,,,,,,
,,,,,,,,,
,,,,,,,,,
,,,,,,,,,
,,,,,,,,,
,,,,,,,,,
,,,,,,,,,
,,,,,,,,,
,,,,,,,,,
,,,,,,,,,
,,,,,,,,,
,,,,,,,,,
,,,,,,,,,
,,,,,,,,,
,,,,,,,,,
,,,,,,,,,
,,,,,,,,,
,,,,,,,,,
,,,,,,,,,
,,,,,,,,,
,,,,,,,,,
,,,,,,,,,
,,,,,,,,,
,,,,,,,,,
,,,,,,,,,
,,,,,,,,,
,,,,,,,,,
,,,,,,,,,
,,,,,,,,,
,,,,,,,,,
,,,,,,,,,
,,,,,,,,,
,,,,,,,,,
,,,,,,,,,
,,,,,,,,,
,,,,,,,,,
,,,,,,,,,
,,,,,,,,,
,,,,,,,,,
,,,,,,,,,
,,,,,,,,,
,,,,,,,,,
,,,,,,,,,
,,,,,,,,,
,,,,,,,,,
,,,,,,,,,
,,,,,,,,,
,,,,,,,,,
,,,,,,,,,
,,,,,,,,,
,,,,,,,,,
,,,,,,,,,
,,,,,,,,,
,,,,,,,,,
,,,,,,,,,
,,,,,,,,,
,,,,,,,,,
,,,,,,,,,
,,,,,,,,,
,,,,,,,,,
,,,,,,,,,
,,,,,,,,,
,,,,,,,,,
,,,,,,,,,
,,,,,,,,,
,,,,,,,,,
,,,,,,,,,
,,,,,,,,,
,,,,,,,,,
,,,,,,,,,
,,,,,,,,,
,,,,,,,,,
,,,,,,,,,
,,,,,,,,,
,,,,,,,,,
,,,,,,,,,
,,,,,,,,,
,,,,,,,,,
,,,,,,,,,
,,,,,,,,,
,,,,,,,,,
,,,,,,,,,
,,,,,,,,,
,,,,,,,,,
,,,,,,,,,
,,,,,,,,,
,,,,,,,,,
